0.983077039852782,0.000393031991993754,0.0160181888132629,0.000511739341961261
0.99998622121551,1.81884487920553e-06,4.26443294659254e-06,7.69550666447507e-06
0.999975013922837,1.16276873196537e-05,5.56865648792248e-06,7.78973335530045e-06
0.999933263894297,2.59995526545494e-05,2.33403304584976e-05,1.73962225900665e-05
0.992488678292256,0.000241313239422984,0.00693737155417187,0.000332636914149001
0.999996564703478,1.78484059438549e-06,2.53438122880791e-07,1.39701780477254e-06
0.999991791876589,2.1958373788987e-06,1.74750064150936e-06,4.26478539021665e-06
0.999997061350061,1.49807010678007e-06,2.02495014142763e-07,1.23808481851546e-06
0.999985398258315,5.89324572448592e-06,3.12806757856053e-06,5.58042838216551e-06
0.999988406388329,8.26951725931655e-06,6.85372297994398e-07,2.63872211406504e-06
0.99998306743908,5.15174194989173e-06,4.72092860824838e-06,7.05989036145593e-06
0.999980294597753,1.4170043831692e-05,1.4182394617824e-06,4.11711895399039e-06
0.999374370845695,3.17261791098349e-05,0.000505858894249009,8.80440809456585e-05
0.999744288336566,2.30150374216467e-05,0.000182070290892881,5.06263351194997e-05
0.999970587143865,8.86820462943793e-06,1.00001323439701e-05,1.05445191618055e-05
0.999977988150637,3.7376985521383e-06,8.17120731834848e-06,1.01029434927078e-05
0.999975919708402,4.17530720219777e-06,9.21446748374597e-06,1.06905169124461e-05
0.9999792491474,1.13531898173613e-05,3.37816596137447e-06,6.01949682113864e-06
0.999984060509875,7.42684184337428e-06,3.01702001443922e-06,5.49562826746282e-06
0.999964576170613,1.01971452567366e-05,1.30474619517677e-05,1.21792221785214e-05
0.999017972537885,6.663142635476e-05,0.000806651232989614,0.000108744802770313
0.999970282504647,2.95270539303097e-06,1.27705503161926e-05,1.39942396436183e-05
0.999551579644751,7.60960133837624e-05,0.000304248783262276,6.80755586024581e-05
0.999988728775294,3.90017681138148e-06,2.44711259254423e-06,4.92393530211695e-06
0.999872222412391,1.79870081594776e-05,7.7822366005623e-05,3.19682134443378e-05
0.999990700742785,3.75196835268129e-06,1.63243930267754e-06,3.91484955948127e-06
0.999981447378548,1.07029470077086e-05,2.60544998460611e-06,5.2442244594749e-06
0.883756819856885,0.0511602100418313,0.0594051115708182,0.00567785853046599
0.999966325401366,7.82216255926291e-06,1.33839704968675e-05,1.24684655778952e-05
0.999994050899202,2.124538015508e-06,9.16341667698343e-07,2.90822111499664e-06
0.999984399202488,1.80277461187359e-06,5.11906382575143e-06,8.67895907426474e-06
0.999958220414716,5.99020906475313e-06,1.9714837293075e-05,1.60745389263106e-05
0.999846606715928,8.61450569368646e-06,0.000102894506235146,4.18842721430463e-05
0.999662874249084,2.40226696785381e-05,0.000252340761645096,6.07623195927349e-05
0.991712561038653,0.000172648159127627,0.0077649374560159,0.000349853346203256
0.999989866090343,4.56922472998913e-06,1.64666322794529e-06,3.91802169907099e-06
0.863980378437265,5.15884088623441e-05,0.132580112482769,0.00338792067110327
0.97682777644795,0.0158322317319083,0.00566439249373325,0.00167559932640817
0.999699252011238,1.10351677635835e-05,0.00022442332995398,6.52894910445684e-05
0.9998651383039,6.83454581763523e-06,8.80012532775764e-05,4.00258970048189e-05
0.999972444118952,2.20852983801434e-05,1.10776414846231e-06,4.36281851919575e-06
0.995586655640177,0.000369904897427946,0.00376962739491985,0.000273812067475092
0.999843427174251,3.18357936806425e-05,9.01033703156948e-05,3.46336617530533e-05
0.926166089982784,0.00202797613437822,0.0704958928497395,0.00131004103309814
0.711129124596432,0.0302682653761208,0.252613328194339,0.00598928183310823
0.999757094852996,9.5372157918016e-06,0.000175617757857383,5.77501733542461e-05
0.999968088546555,1.27832611339405e-05,9.04550608088969e-06,1.00826862301519e-05
0.901853833214776,0.0109639257272311,0.0843037335318419,0.0028785075261509
0.999830319569227,3.0525818471984e-06,0.000106910625960999,5.97172229653282e-05
0.998449238346706,0.000381573169640894,0.00100208059380004,0.000167107889853476
0.999929748455753,1.47132247012084e-05,3.48377355166877e-05,2.07005840293073e-05
0.999940627753508,1.72056537078892e-05,2.48420016854515e-05,1.7324591098795e-05
0.999982356755808,1.26704360981893e-05,1.2207545464316e-06,3.75205354681533e-06
0.999889769815181,1.04464759042338e-05,6.84298953916517e-05,3.13538135229382e-05
0.999909599516724,1.10762108587298e-05,5.26860833479585e-05,2.66381890689299e-05
0.995570437059011,0.000322865878476701,0.00383944698915691,0.000267250073355713
0.999987575916838,7.68332561260677e-06,1.25273985650219e-06,3.48801769301283e-06
0.982863342363938,0.00290201188870801,0.0133203268571267,0.000914318890226889
0.999975058551433,3.46460499363522e-06,9.93243750696045e-06,1.1544406066826e-05
0.998139042256772,4.19461748025747e-05,0.00164825092323156,0.000170760645193523
0.999980457207935,1.41664145647423e-05,1.34924637146362e-06,4.02713112845693e-06
0.995821332637014,0.000530358879006293,0.00335733485064041,0.00029097363333881
0.999992540570131,5.66286576436545e-06,2.4097063713806e-07,1.55559346725401e-06
0.970778552614996,0.000424753778446999,0.0281283250726623,0.000668368533894176
0.999976080145257,1.54720899826021e-05,2.75140616590359e-06,5.69635859425147e-06
0.999871880966486,1.17516205574979e-05,8.20142689479657e-05,3.43531440081766e-05
0.999975967321367,1.0054297272898e-05,5.97296842717188e-06,8.00541293248162e-06
0.996670688456132,0.000234465807135943,0.00287271131583447,0.000222134420897401
0.999971966491834,9.68927465636542e-06,8.61941563728809e-06,9.72481787215018e-06
0.999980169191225,1.22562156691547e-05,2.42286804395269e-06,5.15172506226815e-06
0.999993902607785,1.04347328052564e-06,1.20446659471697e-06,3.84945233981906e-06
0.998839035807353,0.000455621059430878,0.000560448282818176,0.000144894850398043
0.999982272640768,8.84050731276344e-06,3.18092092477261e-06,5.70593099403076e-06
0.944268786174467,0.00925432305849687,0.0442324690090677,0.00224442175796846
0.999972867458639,1.9714020096718e-05,2.10244292514671e-06,5.31607833945268e-06
0.999979776544446,3.7052107566103e-06,7.17383436186185e-06,9.34441043565898e-06
0.999116370851894,9.85897218940645e-05,0.00068253341337844,0.000102506012833193
0.999929885432453,1.66899444257339e-05,3.32457900824629e-05,2.01788330390258e-05
0.999991874765673,5.40063631469418e-06,5.35841887011416e-07,2.18875612503835e-06
0.999817368806902,3.0165717127288e-05,0.000113565105031167,3.8900370939474e-05
0.999893102639816,1.56407701264572e-05,6.26966930401756e-05,2.85598970177954e-05
0.999980703044392,1.36477606088107e-05,1.48376869736708e-06,4.16542630191354e-06
0.996430922015169,1.46641481630383e-05,0.00317240680805583,0.000382007028612426
0.999456767607177,1.1740209882917e-05,0.000432196763575856,9.92954193640219e-05
0.999979612318792,4.40976661930982e-06,6.98722901798162e-06,8.99068557101916e-06
0.999876719790435,2.02235651064852e-05,7.2442096331247e-05,3.06145481268839e-05
0.999982089340035,1.16217739260276e-05,1.83113459739598e-06,4.45775144145207e-06
0.999955913007625,2.04736532357192e-06,2.06674424660568e-05,2.13721845855143e-05
0.999980890283258,1.09301744707048e-05,2.76376363903511e-06,5.41577863178263e-06
0.999945714715364,2.09262478269622e-05,1.83112222827706e-05,1.50478145265034e-05
0.999899795393017,1.24210532610305e-05,5.9532208997899e-05,2.82513447245308e-05
0.670481029512505,0.025902705124921,0.297916055099259,0.00570021026331471
0.999988997283967,7.66168229830603e-06,7.05572176285718e-07,2.63546155873401e-06
0.999960196241682,2.61381892325202e-05,5.15276357439208e-06,8.51280551097941e-06
0.999988293377624,9.03382169863026e-06,4.33067374616534e-07,2.23973330315884e-06
0.999424109830176,1.95456684282721e-05,0.000465348270428102,9.09962309672892e-05
0.999992479676531,3.07135970264428e-06,1.17502723522195e-06,3.27393653076233e-06
0.99999497485237,1.00417975709841e-06,8.70270875162101e-07,3.15069699760576e-06
0.997117364225421,0.000101086669235024,0.00258244769866485,0.000199101406679348
0.999970319957997,2.95851037813011e-06,1.2748893365112e-05,1.39726382601462e-05
0.997957413252321,0.00035679903211364,0.00149617249660673,0.000189615218958873
0.999981599584011,7.81438864402801e-06,4.09858556061801e-06,6.48744178403158e-06
0.999875221937617,2.01551442871445e-05,7.37161613764263e-05,3.09067567194661e-05
0.35454435910805,0.000186428285682527,0.642199055299622,0.00307015730664528
0.999190141028092,1.25081151393431e-05,0.000666330613623153,0.000131020243145533
0.990937569729159,0.00284202908676952,0.00552357899258664,0.00069682219148476
0.998586361840479,0.000159260554682449,0.00111687180157087,0.000137505803268141
0.999992894151888,2.11100074259919e-06,1.34143523335547e-06,3.6534121360894e-06
0.995570176865154,1.28096208556813e-05,0.00393679873367597,0.000480214780314599
0.999897984069426,6.7937531214316e-06,6.29454355374581e-05,3.22767419149035e-05
0.999980672491649,4.28977017082798e-07,5.0533218090608e-06,1.38452095245527e-05
0.999981207062194,1.37333251892175e-05,1.22645990607944e-06,3.83315271041342e-06
0.999463206455834,3.58002833860566e-05,0.000422489741699104,7.85035190811404e-05
0.999977230702538,9.80884554625131e-06,5.38805097368563e-06,7.57240094228238e-06
0.999972356484501,1.43891617605056e-05,5.41122991983907e-06,7.84312381808066e-06
0.999712423531132,5.79461543760672e-06,0.000206480321429432,7.53015320012766e-05
0.916764241427986,0.0188740277621409,0.060881777736006,0.00347995307386668
0.998927440802673,0.000119738408101999,0.000837308970351846,0.000115511818873216
0.999993930373662,2.71824076055194e-06,7.68588143361035e-07,2.58279743425172e-06
0.999981621988285,7.93348653788097e-06,4.02064801288894e-06,6.42387716457201e-06
0.998664879197248,1.12201622595035e-05,0.00112550800133645,0.000198392639156181
0.999996248521099,1.97625950189733e-06,2.85441133115586e-07,1.48977826651698e-06
0.999602320242736,8.2108346847795e-06,0.000302292017706483,8.71769048727999e-05
0.999944665524367,3.3405071763106e-05,9.82842156289978e-06,1.21009823067604e-05
0.999797484397843,4.28782454299857e-05,0.000118940309615738,4.06970471117431e-05
0.999992065354823,4.33588989350332e-06,8.57436692655969e-07,2.74131859089824e-06
0.997380299167206,2.55856366804929e-05,0.00234806482064059,0.000246050375473074
0.999987582886383,6.32305279615333e-06,1.86836426871899e-06,4.22569655163075e-06
0.99997199043146,1.01431460889693e-05,8.31754729863607e-06,9.54887515246901e-06
0.999989906420559,4.4394540477928e-06,1.68498718472787e-06,3.96913820899638e-06
0.999985941563158,1.03650559264433e-05,7.69993879535326e-07,2.92338703575056e-06
0.999970565654805,1.75409085146097e-05,4.51136363825506e-06,7.38207304218611e-06
0.998028479562304,0.000298794018184656,0.0014931490461601,0.000179577373351223
0.999988366337728,6.78425167379275e-06,1.31663307217055e-06,3.53277752579345e-06
0.99999880997497,8.11843149845113e-08,6.04924986267161e-08,1.04834821643938e-06
0.961093702032399,0.000880585791088937,0.0371973075064658,0.00082840467004647
0.9998304778895,1.1839748568343e-05,0.000115466073529586,4.22162884020333e-05
0.999885498076646,2.42123241610866e-05,6.20439387484812e-05,2.82456604443633e-05
0.950333665789262,0.00245576570184738,0.0459797325527106,0.00123083595617997
0.974676734981036,0.00132738384544529,0.0232111658221403,0.000784715351378399
0.999983136362208,7.31682645244533e-06,3.55160419075441e-06,5.99520714911642e-06
0.999994223491594,3.05098782154831e-06,5.62253260350505e-07,2.16326732384191e-06
0.998856222898438,4.40575963410442e-05,0.000975873220334372,0.000123846284886233
0.999583746059271,3.37323799869742e-05,0.000315500773421804,6.70207873196766e-05
0.870088804583337,3.66631651160227e-05,0.125896010749633,0.00397852150191406
0.999979847409561,1.3912670377951e-05,1.74038184262948e-06,4.49953821834769e-06
0.999976967096852,7.78565364258481e-06,6.74351191063926e-06,8.50373759462278e-06
0.999982376634174,4.16170773037429e-06,5.55951478546417e-06,7.90214331008938e-06
0.999987387581215,8.00644713086651e-06,1.18971278141626e-06,3.41625887242202e-06
0.99987657843689,3.96247735152925e-06,7.66557124784714e-05,4.28033732802085e-05
0.999966822784725,1.33229948359896e-05,9.4898194724351e-06,1.0364400966422e-05
0.726300397590315,0.00386929853396765,0.267449909827794,0.00238039404792277
0.999940053624537,3.46453463595309e-05,1.19557856920695e-05,1.33452434110707e-05
0.99870133118953,7.3083574769709e-05,0.00109790731743531,0.000127677918265014
0.999972889398838,1.45734976832625e-05,4.99165118509019e-06,7.54545229378359e-06
0.99994258039367,6.76297043909771e-06,3.02148716315929e-05,2.044176425912e-05
0.99944025854108,1.496421595955e-05,0.000449736629427494,9.50406135333998e-05
0.999992791370383,5.0739986597117e-06,3.54384921180572e-07,1.78024603580077e-06
0.999960457681889,1.89635427176879e-05,9.71623698977926e-06,1.0862538403306e-05
0.999934365764312,7.48395033883878e-06,3.58336887248932e-05,2.23165966242856e-05
0.99995865674324,6.64611266116274e-06,1.91271914978883e-05,1.55699526005292e-05
0.99997916387527,4.80634919370411e-06,7.06413024368858e-06,8.96564529242228e-06
0.99998998790532,7.15054132652407e-06,5.47228425806814e-07,2.31432492744031e-06
0.999984527904804,7.87785953299882e-06,2.55069786171972e-06,5.04353780168766e-06
0.999911790534648,6.29121537555276e-06,5.26304676917091e-05,2.92877822850252e-05
0.999989252650433,7.11098989666043e-06,8.26810210890191e-07,2.80954945902986e-06
0.999959731319466,1.2494304720828e-05,1.47468738502517e-05,1.30275019625458e-05
0.96903075043439,0.00236143563006887,0.0275713998142351,0.00103641412130597
0.891615843479715,0.00139448888482996,0.105638091464076,0.00135157617137955
0.999973461024832,1.80160266268472e-05,2.70090801411615e-06,5.82204052701353e-06
0.999976830670033,4.38846472358533e-06,8.59825093918394e-06,1.01826143039242e-05
0.999541296321569,1.3624971121793e-05,0.00036076603424413,8.43126730645982e-05
0.999984410000402,1.10615790675364e-05,1.08112624747843e-06,3.44729428296925e-06
0.999955244131376,1.66118582045498e-05,1.48750939944169e-05,1.3268916425089e-05
0.975843689889516,0.00317144803573681,0.0199125458180539,0.00107231625669327
0.999987703235129,5.83878478400068e-06,2.04027338485181e-06,4.41770670236908e-06
0.999870201265957,1.59404662950157e-05,8.09225093816946e-05,3.29357583661338e-05
0.99998021365974,5.09293816639183e-06,6.32902745021959e-06,8.36437464345621e-06
0.999994289852936,3.09403401008063e-06,5.27338772215984e-07,2.08877428139967e-06
0.999882647275914,1.32630678239533e-05,7.26047874341902e-05,3.14848688283098e-05
0.930867079225706,0.000148978639171472,0.0676771084625613,0.0013068336725617
0.999972210954784,1.6138453831273e-05,4.43112685134433e-06,7.21946453373909e-06
0.988488263621429,0.00034510636928599,0.0107454822008144,0.000421147808470737
0.99998974787889,5.86597707549127e-06,1.14227497891751e-06,3.24386905563301e-06
0.999986597320424,3.2279227969579e-06,3.74484785757392e-06,6.42990892173607e-06
0.999949756850724,1.63110182469823e-05,1.8928575865681e-05,1.50035551632384e-05
0.999423960488001,2.21100062818288e-05,0.000465241719287311,8.86877864299715e-05
0.999872211422897,3.65398707231238e-05,6.20734777307697e-05,2.91752286492514e-05
0.999984602065438,7.39346476699809e-06,2.76228819060427e-06,5.24218160400451e-06
0.997744216814386,0.000980970024785782,0.0010267943964939,0.000248018764334603
0.977864882162117,0.00103229488212284,0.0204119785750889,0.000690844380671846
0.850045380712278,0.0010590736387906,0.147432148387297,0.00146339726163448
0.999996022205164,1.29532719587455e-06,5.12501537777692e-07,2.16996610193403e-06
0.993799293302891,6.10441631271348e-05,0.00579369704337852,0.0003459654906038
0.999781170843237,1.6444966286891e-05,0.000154585756300624,4.77984341755331e-05
0.99991820027432,1.20984517336206e-05,4.54544694900428e-05,2.42468044562904e-05
0.999965330052854,1.70596628727497e-05,7.92342119626514e-06,9.6868630764391e-06
0.999975477959988,4.00666009410811e-06,9.53326838346235e-06,1.09821115343134e-05
0.999968713192041,5.0747913998547e-06,1.32571202939469e-05,1.29548962652184e-05
0.999878895375012,5.89595726867042e-06,7.70804225331652e-05,3.81282451863245e-05
0.000373976031460261,0.997150392147087,5.41769471758429e-05,0.00242145487427659
0.000248594209955224,0.997033364628433,2.90136735465968e-05,0.0026890274880651
0.00018829320360835,0.994665595040704,2.24131637443915e-05,0.00512369859194366
0.000798525386265336,0.994106623331487,0.000214349666925998,0.00488050161532202
0.000626041959526662,0.991562500846435,0.000185601575938142,0.00762585561809963
0.000294989649123577,0.994844153329865,4.8097906282957e-05,0.00481275911472849
0.0020222018860196,0.995242151891873,0.000439681625492448,0.00229596459661449
0.000342002000648531,0.986593238831071,9.17877553048652e-05,0.0129729714129761
0.00218341613009092,0.85060517088039,0.00437583386587217,0.142835579123647
0.00118454373697956,0.961320754307939,0.000927965662436791,0.036566736292645
0.00138069639279415,0.833224596075938,0.00266108032566584,0.162733627205602
3.95795522639002e-05,0.999502403057635,3.72730983130977e-07,0.00045764465911759
0.000208339739688469,0.999207646098428,1.28538621682691e-05,0.00057116029971475
0.000155770466403998,0.996375061633364,1.36279943242911e-05,0.0034555399059077
0.00201259490626956,0.952448702489454,0.00198180437561017,0.0435568982286665
0.00117437851989271,0.994283569079135,0.000327861159301248,0.00421419124167105
0.00198120563408669,0.939327643570749,0.00223941008683126,0.0564517407083333
0.000633939624033327,0.9966716852667,0.000119690089210193,0.002574685020056
0.000219976221222253,0.997493258785493,2.21080212209655e-05,0.00226465697206388
0.000191244045579626,0.998238823863377,1.51988855356767e-05,0.00155473320550715
0.000833810367555148,0.755234261955461,0.00176889509084582,0.242163032586138
0.000200837669422508,0.998808395584837,1.42516484512993e-05,0.000976515097289399
0.000324148941598911,0.997220076689995,4.32121006332484e-05,0.00241256226777235
0.00174243811939782,0.888192039565652,0.0027623312952537,0.107303191019696
0.000412908922335937,0.99825545169506,4.95951757473338e-05,0.0012820442068565
0.0001669935223147,0.998737966615053,1.06040280005941e-05,0.00108443583463148
0.000415188319806084,0.99572954338133,7.55829693184283e-05,0.00377968532954577
0.000231849228766609,0.997518376518212,2.40706483659881e-05,0.00222570360465559
0.000444880369513784,0.98713810136197,0.000136694473932687,0.0122803237945833
0.000573153137986126,0.98829341327244,0.000190937788400714,0.0109424958011736
0.0017533172082512,0.869124080364256,0.00307420052448255,0.12604840190301
0.000280580960529945,0.998061166774265,2.96982624541284e-05,0.0016285540027509
0.00350576408779774,0.81855483103953,0.00856985126481591,0.169369553607857
0.000135989499002717,0.999338607970865,5.85496098233009e-06,0.000519547569150327
0.00050413609420341,0.987245843251421,0.00016455145155613,0.0120854692028194
0.000467942335930477,0.998076824362473,6.13614666590787e-05,0.00139387183493732
0.00015608586790398,0.988917832681795,2.0874081552255e-05,0.0109052073687485
0.000309013575697787,0.994315232862312,5.40171302457412e-05,0.00532173643174371
0.000181557614362338,0.994776894894846,2.07934356115112e-05,0.00502075405518087
0.0015545669119084,0.985418748911767,0.000761882892776903,0.0122648012835481
0.000475958856459517,0.980941867188637,0.000181368802634502,0.018400805152269
0.000377124993920032,0.994918380863041,7.05470458184814e-05,0.00463394709722062
0.00135521195468084,0.981586377155002,0.000739879922475149,0.0163185309678425
0.000473574222261638,0.997661120532894,6.88111463015206e-05,0.00179649409854241
0.000167064284960182,0.99786364143336,1.28232851634248e-05,0.00195647099651626
0.000194108613210582,0.998076303133083,1.61192735394644e-05,0.00171346898016664
0.000726056214307397,0.994003840481,0.000191757956894244,0.00507834534779817
0.00136294528135157,0.99040604479294,0.000520307310837684,0.00771070261487023
0.000371035734098313,0.280895078351956,0.00238914270095603,0.716344743212989
0.000310525155914669,0.998424840684226,3.16884961641187e-05,0.00123294566369531
0.000483706973534238,0.99474782743444,0.000103597692849845,0.00466486789917589
0.000473238554244375,0.989204788248847,0.000138776342862715,0.0101831968540458
0.000415238880177003,0.988331281107073,0.000117647010685209,0.0111358330020649
6.93762776327214e-05,0.990746326747359,3.34359216787559e-06,0.00918095338284057
0.000432232759284542,0.993287393338087,9.79844811037228e-05,0.00618238942152438
0.000729428401831193,0.98909262888676,0.000258564679209755,0.00991937803219872
0.00102277848729164,0.974514805535491,0.000617297287872893,0.0238451186893448
0.000563284094824658,0.892774946878355,0.000567411625424138,0.106094357401396
0.000419980660883598,0.993669729845282,9.14382754148848e-05,0.00581885121841956
0.000357041808922057,0.994945875460963,6.46782230531713e-05,0.00463240450706207
0.000195379103470604,0.997998552497874,1.65467264603176e-05,0.00178952167219453
0.00133475932161241,0.994553512303002,0.000361303667450329,0.00375042470793524
0.000578929252346169,0.996883143114468,0.000103202000646185,0.00243472563253978
0.00142984179998668,0.994318773368766,0.000396157029285408,0.00385522780196229
0.000387431017041835,0.99808806606338,4.75382936454173e-05,0.00147696462593269
0.00029054818172838,0.995948953478715,4.25015257163196e-05,0.00371799681384072
0.000193747819495945,0.996196728619208,2.07497226072442e-05,0.00358877383868914
0.000284537778558178,0.99004147271148,5.95314579071007e-05,0.00961445805205432
0.00204837586808327,0.959689463070523,0.00183946960013134,0.0364226914612624
0.000190745575271658,0.9975837531898,1.70200989796827e-05,0.00220848113594943
0.000117182618892681,0.985735762926574,1.28659297890669e-05,0.014134188524744
0.00106901682814594,0.771178641061462,0.00237293701767225,0.22537940509272
0.000460194752141747,0.995948308090634,8.57255840817556e-05,0.00350577157314205
0.000561396507637981,0.993185425473356,0.00014426928023021,0.00610890873877526
0.000471732272765503,0.996069636508395,8.75674897651572e-05,0.00337106372907429
0.000107321331081595,0.99550669354715,6.98743361244097e-06,0.00437899768815624
0.00021950577149845,0.998068946681465,1.99192909634209e-05,0.00169162825607354
0.000101080625921081,0.995688906309018,6.06755613915889e-06,0.00420394550892239
0.000612401179726977,0.994869740593841,0.000142106459676394,0.00437575176675521
0.000275653189694987,0.998154808372855,2.82989302943474e-05,0.00154123950715539
0.00105300296816702,0.992970271103674,0.000327576752127323,0.00564914917603133
0.00022743846565448,0.992782807830948,3.54326055541301e-05,0.00695432109784366
0.000153301870341925,0.998811669667194,8.90612899056406e-06,0.00102612233347322
0.000230768739234384,0.990800980535579,4.01026133482025e-05,0.00892814811183817
0.000103779635057564,0.998703882016765,4.33522714762176e-06,0.00118800312102971
0.000322802846456202,0.994053476565294,5.90646123915108e-05,0.00556465597585788
0.000181271898870389,0.997865896464291,1.48498415511717e-05,0.00193798179528777
0.00123708519699239,0.898360807295738,0.00168325961935497,0.0987188478879148
0.000176883356903329,0.997605938256099,1.48233817898624e-05,0.00220235500520751
0.000991627564835432,0.984132106604312,0.000466035116530303,0.014410230714322
0.000323527569784881,0.996975883625232,4.46465114118495e-05,0.0026559422935711
0.000146696097624929,0.99711106154781,1.12055262808478e-05,0.00273103682828384
0.000508637892389446,0.994949243222642,0.000109310265499514,0.00443280861946927
0.000641812759121147,0.996848705659386,0.000118078586266823,0.00239140299522603
0.000673318219204909,0.996561012241025,0.000131146173923899,0.00263452336584635
0.000309427173400294,0.997534413848287,3.82345259179512e-05,0.00211792445239442
0.000406738751061798,0.996226266831498,6.9420439469608e-05,0.00329757397797097
0.00157942946102062,0.969336525742409,0.00116894561785139,0.0279150991787191
0.000229013724161781,0.995726235486539,2.91416858684388e-05,0.0040156091034307
0.000322963862919798,0.995035029865939,5.48113970685671e-05,0.00458719487407254
0.000397037307833438,0.997749361247977,5.30956077428659e-05,0.00180050583644735
0.000592966935987123,0.99533956574886,0.000129939797563932,0.00393752751758951
0.00131336590620041,0.993778706389544,0.000387101477727077,0.00452082622652884
0.000741328969656894,0.996870047451431,0.000139471868953997,0.00224915170995805
0.002823077249538,0.982155839986965,0.00156138866626848,0.0134596940972285
0.000258442083383864,0.995224912107174,3.7431584813428e-05,0.00447921422462906
0.000329843715887892,0.988749600163891,8.01735503584292e-05,0.0108403825698624
0.000265243541214193,0.994760601802634,4.05941034784051e-05,0.00493356055267277
0.00096480689831597,0.994633607300371,0.000255205544411196,0.00414638025690212
0.00223495551987108,0.977935434983388,0.00142510772277924,0.0184045017739614
0.000193624472229309,0.99825303767707,1.54815792013968e-05,0.00153785627149899
0.000105684572682232,0.998582893738888,4.62630711389997e-06,0.00130679538131585
0.000850523379592548,0.994703306765377,0.000218840495624279,0.00422732935940597
7.06048028618794e-05,0.997329785944225,2.33984114031531e-06,0.00259726941177239
0.000168022044549514,0.994665435293381,1.81414276807975e-05,0.0051484012343882
0.000241404165733021,0.998638718306776,2.02600365178896e-05,0.00109961749097332
0.000109046391422726,0.999207782643093,4.10360938453477e-06,0.000679067356099544
0.00032853892021919,0.998685904976947,3.16288492639712e-05,0.000953927253570016
0.00163653631569154,0.865305738257006,0.0028733716559067,0.130184353771396
0.000293061803822485,0.985840705446926,7.26954281975688e-05,0.0137935373210533
0.000912076228237837,0.968817402512553,0.000587628917544717,0.0296828923416651
0.000450440282666073,0.979873284187725,0.000170829575232328,0.0195054459543772
0.000123007755176442,0.9920133835663,1.14109210347818e-05,0.0078521977574884
0.00112805493347187,0.981776714762623,0.000588706831579163,0.0165065234723264
0.000376721520762538,0.998591564649504,3.94407086103286e-05,0.000992273121122987
0.000272190757240075,0.997279164284038,3.25186577573041e-05,0.00241612630096452
0.000303684015114931,0.997803488770611,3.53771306734383e-05,0.00185745008360045
0.000118725038877318,0.996964503315831,7.5216591013381e-06,0.00290924998619035
4.47378410011499e-05,0.995263533159419,8.7772098491114e-07,0.00469085127859553
0.00015997473427615,0.983761869643521,2.55543974974036e-05,0.016052601224705
0.000286626528402168,0.994339144377467,4.76733152007561e-05,0.00532655577892991
0.000272372090731374,0.996742385683409,3.50139552563915e-05,0.0029502282706031
0.000537612457192355,0.997425361435268,8.51571049906375e-05,0.00195186900254898
0.000261237152474306,0.998420634494007,2.4391351534211e-05,0.00129373700198421
0.000179107686037115,0.998560672999667,1.25821199145029e-05,0.00124763719438132
0.000561930980805631,0.994035683547293,0.000135761743123853,0.00526662372877796
0.00248788668311673,0.97070186553609,0.00188365660271926,0.0249265911780739
0.000288385234087986,0.99398316482048,4.93810623984159e-05,0.00567906888303314
0.000204171136441717,0.998932008658988,1.40339341785329e-05,0.000849786270392274
0.00071876980562243,0.971853602469032,0.000401325367155996,0.0270263023581895
0.000238575146112604,0.998384728853525,2.13041904932197e-05,0.00135539180986906
0.00119050714330191,0.990951294312515,0.000433109986803855,0.00742508855737924
0.000431098284712251,0.995662032422075,8.04385134565591e-05,0.00382643077975643
0.00100011460858938,0.812927488026129,0.00186846184308163,0.1842039355222
0.00163868104632652,0.993545996976074,0.000488183535519278,0.0043271384420799
0.000323063663540931,0.995779174586808,5.12377397293906e-05,0.00384652400992156
0.00027356594748277,0.991030169163557,5.33120090151236e-05,0.00864295287994506
0.000463578930682022,0.991778309250427,0.000119077476778353,0.00763903434211195
0.000456438086367596,0.992596367387934,0.000111033595584573,0.00683616093011432
0.000123161651931799,0.995746852549784,9.10714573967489e-06,0.0041208786525449
0.000201175349942861,0.996824906363188,2.07206069838529e-05,0.00295319767988547
0.000585938988895617,0.994253636507404,0.000141327631922841,0.00501909687177736
0.000135931623209324,0.995109891238561,1.16649742064124e-05,0.00474251216402328
0.00098487131567255,0.992479383319473,0.000314235557697166,0.00622150980715692
0.000519573978145649,0.995049088352738,0.000111594131937739,0.00431974353717838
0.000786072763064151,0.780298060551831,0.00149547782762452,0.217420388857481
0.00215513346389148,0.980834576183205,0.00126253814010619,0.0157477522127978
0.00108894156139482,0.989227081506681,0.000428628311932634,0.00925534861999185
0.000781662307804924,0.990942739441578,0.00025888803741654,0.0080167102132008
0.00021158440721454,0.993148142819511,3.05220201669554e-05,0.00660975075310768
0.00079065448805762,0.613114918601782,0.00249702076306976,0.383597406147091
0.000542757692182432,0.991556054606329,0.000151826286281212,0.0077493614152071
0.000251041228716321,0.98087595921357,6.33513382140768e-05,0.0188096482194999
0.000172719946045197,0.996708023732544,1.59547780858311e-05,0.00310330154332529
0.000144791938859075,0.996907042535237,1.11965836314057e-05,0.00293696894227215
0.000256714752238391,0.998761481748584,2.14402481871999e-05,0.00096036325098994
0.000192662000070773,0.998103175244039,1.58273833183997e-05,0.00168833537257175
0.00010383050875831,0.997518695312475,5.34038793974746e-06,0.00237213379082722
0.00172229721860009,0.978986125142886,0.00104805890633618,0.0182435187321774
4.63216054123767e-05,0.998724749516069,6.8481230251023e-07,0.00122824406621548
0.000178085126496327,0.997518975060614,1.52031751075705e-05,0.00228773663778245
0.000406462808325596,0.996849641624069,6.39915527274645e-05,0.00267990401487799
0.000460464339414574,0.99207428662331,0.000115970007805038,0.00734927902947051
0.000638476872567397,0.99069185690573,0.000199779663762888,0.00846988655794011
0.000573293706311958,0.992314347626853,0.000157129962589604,0.00695522870424564
0.000572298902136661,0.993354910856016,0.000146474715917547,0.00592631552592969
0.000514879394390877,0.996566111167035,9.27762141843634e-05,0.00282623322438947
0.00159969989663121,0.947919382751382,0.00159017978109495,0.0488907375708925
0.000123277488124074,0.999259348037001,5.07857022613553e-06,0.000612295904648481
0.000822720926761175,0.993828318483446,0.000227779230051089,0.00512118135974149
0.000561662543350017,0.966814315176025,0.000303491677482473,0.0323205306031423
0.000252608607667888,0.997762745768144,2.6627067992449e-05,0.00195801855619558
0.00016812930342434,0.998672402452303,1.09298314965117e-05,0.00114853841277653
0.000442462239670738,0.995086514095104,8.83388047475626e-05,0.00438268486047795
0.00010056456137545,0.997743470883655,4.84400865472465e-06,0.00215112054631535
0.00148352103823756,0.929155813739373,0.00172348060177106,0.0676371846206178
0.000129471215839417,0.986927690753106,1.53100362236093e-05,0.0129275279948306
0.000209230942954622,0.993792728880412,2.87728469975004e-05,0.00596926732963622
0.000481220754659415,0.991675770903844,0.000126574398840962,0.00771643394265589
0.00246479880769135,0.941348563466825,0.00281358762246776,0.0533730501030158
0.000731104516029803,0.875907605398877,0.000914827229496056,0.122446462855597
9.16270625975392e-05,0.998654529235944,3.3895133762976e-06,0.00125045418808234
0.00020540955869067,0.995350973358403,2.48761938485632e-05,0.00441874088905801
0.000295100115180545,0.996174889577024,4.25697196816384e-05,0.00348744058811412
0.000427122217301529,0.993790274818996,9.29990230821464e-05,0.00568960394062044
0.000540044329917144,0.995799548999022,0.000108976860442944,0.00355142981061836
0.000520565297772562,0.994788014620404,0.000114587925974431,0.0045768321558488
0.000537019718883838,0.991821397982843,0.000147349686753592,0.00749423261151986
0.000392785888542712,0.986013206023965,0.000116850759800892,0.0134771573276917
0.000765668804427421,0.995209314355561,0.000182766924353342,0.00384224991565857
1.72243419649816e-05,2.12066327926186e-07,0.999885308614545,9.72549771619865e-05
0.056517018662525,0.00101080598013147,0.941468282785196,0.00100389257214809
2.08324174280992e-05,1.16090820815808e-07,0.999788998596534,0.000190052895216987
0.00102035695215217,5.43075309335151e-06,0.998641948347723,0.000332263947030952
2.07417471385437e-05,4.88706756747405e-08,0.999584604692587,0.000394604689598355
0.0172902436870914,1.4422547570992e-05,0.980911727079298,0.00178360668603941
5.96876741272686e-05,2.20972086003509e-07,0.999646023616967,0.00029406773681961
0.0199065978275548,3.0117000536339e-05,0.978802063648436,0.00126122152347242
7.11502734705735e-05,2.41320744048921e-07,0.999607484771261,0.00032112363452431
0.000165847186616035,1.20169942063916e-06,0.99963424104194,0.000198710072023113
1.9452743118202e-06,1.95589287821919e-07,0.999985735171487,1.21239649133836e-05
5.95616576510414e-05,6.85063521785549e-07,0.999818518009471,0.000121235269356773
0.000693596075152202,1.12697838813268e-06,0.998578487988812,0.000726788957647351
0.036105397707685,4.86306363869006e-05,0.962339561441982,0.00150641021394618
0.000229493339459156,5.25726620022591e-07,0.999275829768257,0.000494151165663922
0.000109345260997797,8.32523883125354e-06,0.999840419832083,4.19096680880426e-05
0.00108696744157587,6.49118001808475e-06,0.998594342366138,0.000312199012268447
0.000201038878679426,1.3632215701137e-07,0.998481966757267,0.00131685804189694
0.00580572315994064,5.02711490445324e-05,0.993760708613925,0.000383297077090065
0.00656763759863437,4.54157935605543e-06,0.991648241720649,0.00177957910136037
0.00385617654803415,1.93358262977816e-06,0.994017606301398,0.00212428356793808
0.00299139513628849,1.6638925812976e-05,0.996589987966589,0.000401977971309483
0.000101495272604598,3.40058558947659e-06,0.999831493388062,6.36107537443505e-05
0.000814472222134051,1.28554116239996e-05,0.999007403529028,0.00016526883721417
7.83950827936764e-05,3.7301058653118e-07,0.999673461004253,0.000247770902366697
0.0528653806234076,0.000325972211731334,0.945882551113666,0.000926096051195017
0.000136860693961584,5.2100603501218e-06,0.99979433667582,6.35925698685959e-05
8.19724299636128e-05,1.18706752525411e-06,0.9998092451799,0.000107595322611377
1.22141117117274e-05,1.70750349117838e-07,0.999903495932838,8.41192051011887e-05
0.000139628440166155,8.52568012917e-07,0.999639550976023,0.00021996801579789
0.0138536573578538,2.2733615964546e-05,0.984999574813633,0.00112403421254822
0.0158156090622529,4.10234314498064e-05,0.983254380813063,0.00088898669323471
0.000239926643350482,3.51426992289882e-07,0.999052565457791,0.000707156471865944
4.87289406055861e-05,1.78882702487611e-07,0.999660716482335,0.000290375694356421
0.00482653401674842,1.35940046054194e-06,0.99179641623508,0.00337569034771151
0.0248790620500927,1.14788503202839e-05,0.972330820406672,0.00277863869291474
0.00128042235805886,1.37529036176217e-05,0.998477732878682,0.000228091859641587
0.00263544944545599,4.71243272515475e-05,0.997092559134626,0.000224867092666782
0.000193610199824008,1.54275676579989e-06,0.99961482749013,0.000190019553280054
0.000187427575937862,2.8319072819422e-06,0.999688296020384,0.000121444496396097
5.13254166597341e-05,1.14358933195604e-06,0.999874823515782,7.27074782260463e-05
0.00010434338766378,1.64979284093935e-07,0.999275719683406,0.000619771949646497
0.00292437876765042,7.68498086238026e-06,0.996433787868034,0.000634148383453099
0.000765411440659274,1.69967156562306e-05,0.999080475185688,0.000137116657996453
0.000161382800403277,1.98494687743043e-06,0.999700841768587,0.000135790484132056
0.0008885143980731,8.56037408942338e-06,0.998879968845361,0.000222956382476407
2.42294480968437e-05,1.30288803221604e-07,0.999777061515499,0.000198578747601419
8.65254500472957e-05,3.10370356482321e-07,0.999599986573293,0.00031317760630306
3.67091021800925e-05,6.77386111114009e-07,0.999883725920962,7.8887590746562e-05
0.00386789766117444,9.09187725536643e-06,0.995407690172958,0.000715320288611835
0.000128497774099291,4.51880310284938e-07,0.999539071841321,0.000331978504269501
0.00162992979440333,1.16342417210539e-05,0.99805421827942,0.00030421768445587
0.000115991312850828,8.73794195821589e-07,0.999699874050075,0.0001832608428781
3.7711565266115e-06,3.49415987007734e-08,0.999890246633546,0.000105947268328596
0.000123039500225932,2.6487594135862e-07,0.999388510429139,0.000488185194693274
0.000231582151932803,7.07449901975469e-06,0.999678482199881,8.28611491668831e-05
9.85135977467241e-05,4.30039203198651e-06,0.999843365705762,5.38203044591153e-05
7.71556906655869e-05,8.74117567670541e-08,0.99911922828407,0.000803528613507647
0.0338871701199445,0.000204895426246363,0.965124709796784,0.000783224657025188
0.0128066414125614,5.79815283205492e-06,0.984582896132426,0.00260466430218
0.000963977314315782,3.94755562247307e-06,0.998640456392999,0.000391618737062796
0.00108164492326623,9.07024204937723e-06,0.998656417266206,0.00025286756847834
0.000873103465095402,3.13807473904525e-06,0.998702284257032,0.000421474203133634
4.21235473289122e-06,2.5451161470162e-08,0.999839970011628,0.000155792182477696
1.4340338155087e-06,2.31094791646501e-08,0.999938837406739,5.97054499661731e-05
7.50981570403957e-05,5.36811154915124e-07,0.99974468282077,0.000179682211034995
0.0923888355268514,6.20476640784838e-05,0.904961260746899,0.00258785606217073
2.03724297316843e-05,8.92732813274273e-08,0.999747608533339,0.000231929763647992
0.0740111481190403,0.000953216183857794,0.923935781351511,0.00109985434559103
0.0105132955743788,0.000136728834799495,0.988931738583621,0.000418237007200711
8.04825233703734e-07,1.40523009315616e-08,0.999946270843599,5.29102788667732e-05
0.00205943542943265,7.37178025304431e-06,0.997445212502048,0.000487980288266485
0.00124327874346054,6.82692398780398e-05,0.998558064818835,0.000130387197825886
2.16483631081791e-06,4.72760202130848e-07,0.999991052680013,6.30972347376203e-06
0.000116307859294557,1.0359246987606e-07,0.998872393529272,0.00101119501896329
8.64291837673198e-06,2.79009304839826e-07,0.999950409811323,4.06682609955265e-05
1.46014939834536e-06,6.75253038715279e-08,0.999975282058213,2.31902670843233e-05
0.000133482499403993,8.00019833176612e-07,0.999644028394357,0.000221689086405437
1.07175665848369e-05,2.49207851033751e-08,0.999604909227983,0.000384348284647575
0.000140127692876541,8.47561114982664e-07,0.999637387499448,0.000221637246560081
0.000125353144352097,2.89690518051299e-06,0.999787199935315,8.45500151526614e-05
0.00244071860853438,2.64248838914967e-05,0.997263679568135,0.000269176939438597
0.0019365559675579,8.68039516016102e-06,0.9976366613364,0.000418102300881319
0.0100671688556857,4.5052125334748e-05,0.989284477388362,0.000603301630617579
0.00401633912061189,8.75237752328087e-06,0.995218740718158,0.000756167783706965
7.42758452220198e-07,7.44173851015197e-08,0.999988931157382,1.02516667810825e-05
0.00243607386228841,8.45677083375407e-06,0.997042435817364,0.000513033549514233
3.20137038850348e-05,5.10194514894369e-07,0.999881151350947,8.6324750653185e-05
0.00578678276028474,2.44682449280623e-05,0.993644920724459,0.000543828270328456
0.00289863691296463,1.25449518344324e-05,0.996626207254434,0.000462610880766873
0.000117229657179351,1.33493169519101e-06,0.999745704103046,0.000135731308079506
5.07652387969977e-05,7.72668653058022e-07,0.999852526565537,9.59355270130426e-05
8.92485912434781e-05,6.51952526387018e-07,0.999729265727321,0.000180833728908653
0.00309815747402565,5.0673146390802e-06,0.996017186992311,0.000879588219024512
6.15515096407274e-05,1.79664563991565e-06,0.999874356309801,6.22955349185037e-05
8.13706450540891e-05,1.06432023818085e-07,0.999204963476551,0.00071355944637052
9.22778855435461e-07,4.42657114986233e-08,0.999977900469389,2.11324860442731e-05
7.21332320231347e-06,6.1480662128949e-08,0.999872283018989,0.000120442177146189
1.19542518083812e-05,3.64078463368989e-08,0.999683168060737,0.000304841279607987
0.00271155236331353,1.18603895673725e-05,0.996823091215423,0.000453496031696591
0.00206200798659204,1.28088561338391e-05,0.997577758354448,0.000347424802826361
0.00364855045315916,1.07111743323399e-06,0.993155157450205,0.00319522097920306
0.370077633919408,0.000252028898493906,0.626947437209685,0.00272289997241335
3.65203831523022e-05,1.66688187227251e-07,0.999726916120974,0.000236396807686708
0.00520027581368739,5.07842383670366e-05,0.994396203346766,0.000352736601179285
0.0010537825799874,2.00978490581181e-06,0.998264981933191,0.000679225701915592
0.0573094689013634,0.000334859618907858,0.941391221946693,0.000964449533036067
0.000438149059901439,1.65616079092442e-06,0.999193151976586,0.000367042802721744
0.0125664657909698,3.69615770218977e-05,0.986607088515231,0.000789484116777557
0.00122521999552433,6.80134688578172e-06,0.998433343779595,0.000334634877994336
0.0465438078845554,0.000156980110874237,0.952260785114519,0.00103842689005143
0.0981963962327426,2.08950683761132e-05,0.896466961468526,0.00531574723035548
0.011347918593406,0.000118856795813064,0.988080806133116,0.000452418477664809
0.000629600580118026,1.43875213554551e-06,0.998812211632709,0.000556749035037616
0.000909895319240311,5.02442379552787e-06,0.998767407900181,0.000317672356782719
0.00155882878682016,3.59681861479935e-06,0.997811317587115,0.000626256807449699
0.000361742445502953,3.25448827272891e-06,0.99944062627715,0.000194376789073956
9.32389237218845e-05,9.79293045158445e-08,0.999039561244336,0.000867101902637392
4.90476680150277e-06,2.19259759571224e-07,0.99996637014353,2.85058299087514e-05
0.000393134481892872,2.61406009017502e-06,0.999362076720976,0.000242174737040919
0.00032312926307815,9.51127826882216e-07,0.999251888628587,0.00042403098050826
0.00180213580476733,4.90092100419386e-05,0.997976810394235,0.000172044590955244
0.000260248252596859,2.19459690368085e-06,0.99954588430665,0.0001916728438492
0.000122867875164409,3.60177612457874e-07,0.999495505262922,0.000381266684300703
0.00146587162222627,1.80179450184491e-05,0.998296217920412,0.000219892512343004
2.51905960004669e-05,1.98695040072856e-07,0.99982889221803,0.000145718490930087
0.000530288858528256,2.7425948003989e-06,0.99916434819499,0.000302620351681289
0.000269571353876369,2.65314234667723e-06,0.999554333529906,0.000173441973870577
6.45074123313083e-06,8.77428368204281e-08,0.999913437081653,8.00244342766476e-05
0.0887495017193686,0.000179173775524941,0.909574342458794,0.00149698204631216
0.0404698750039061,4.93425870657373e-05,0.957854530329751,0.00162625207927748
0.00682979530418448,1.05462751151837e-06,0.987605727416609,0.00556342265169488
0.00885617256646083,2.00694962425394e-05,0.990272435925033,0.000851322012263871
0.0214309641461192,0.000110342793748834,0.977754994046069,0.000703699014062717
0.00613366169151554,1.16917587042455e-05,0.992968573864003,0.000886072685776873
0.000372878962650523,5.91287510254716e-06,0.999485032630777,0.000136175531469507
0.000926605550346616,5.91643812265576e-06,0.998777343650307,0.000290134361223858
0.00297828924261934,2.10934206273003e-05,0.996649160379442,0.000351456957310988
0.000380189239820662,3.49549602004567e-06,0.999422957790874,0.000193357473285408
0.000262125216082504,8.98510877316659e-07,0.999368595235013,0.000368381038027037
0.000432409367637332,3.81916167254664e-06,0.999360372932066,0.000203398538624569
4.19351105840818e-06,2.34193860070549e-07,0.999972495440108,2.30768549737588e-05
0.00203838948415188,1.72243197093967e-05,0.997653075175617,0.000291311020522092
4.53265870098449e-05,1.27558106409779e-06,0.999893281846586,6.01159853398806e-05
2.72113753373755e-06,9.01597320970968e-09,0.999735512620151,0.00026175722634174
0.00315242987777427,1.00193193982374e-05,0.996268688024998,0.000568862777829916
0.00602709573852926,5.40944589749923e-05,0.9935366795614,0.000382130241096072
9.98163391049908e-06,1.32340514852345e-07,0.999904080728384,8.58052971910619e-05
0.000272518162759002,7.6519733443943e-07,0.999296196167823,0.0004305204720836
0.077384815697659,0.000139677391628033,0.920955675084722,0.00151983182599075
0.000264667567964648,1.6923420416113e-06,0.999500135868837,0.00023350422115707
0.000760628659452409,4.44123875568934e-06,0.998938455542775,0.000296474559017001
0.000239761629278285,2.96116435926481e-05,0.999677561278755,5.30654483740187e-05
0.0112315672481127,1.10758336324e-05,0.987258403078467,0.00149895383978784
0.0753791501266075,0.000121063261178384,0.922907297941631,0.00159248867058348
0.000464064739881264,5.05272706369226e-06,0.999350722850395,0.00018015968266047
0.0196180720215412,0.000501923937839659,0.979307107106134,0.000572896934484713
8.34451330167831e-05,1.08734891415173e-06,0.999798987494997,0.000116480023071869
2.1793306337138e-07,2.42110274389694e-09,0.999924586381558,7.51932642758731e-05
0.00881052194799568,1.42098838774067e-06,0.985721104899385,0.00546695216423144
0.00207694244765767,5.78569892209541e-06,0.99734118417014,0.000576087683279887
0.00022303439310981,1.11368254376922e-06,0.99950339908881,0.000272452835536761
0.00039610643646292,6.84791767357594e-06,0.999465875474301,0.000131170171562195
0.0077759977582543,6.46564590396503e-05,0.991732619084693,0.000426726698013347
0.00455344975904745,2.64617408307665e-05,0.994987032646548,0.000433055853573789
3.48292524688276e-05,1.46643021451411e-06,0.999920782836905,4.29214804121231e-05
1.99110553802168e-05,2.15130579166047e-06,0.999957980351028,1.99572877997846e-05
0.000132597245526185,3.13975150040914e-07,0.999411703762793,0.000455385016530515
0.000190469373585023,2.64498718533377e-07,0.999085597949803,0.000723668177893874
5.47744769285501e-06,5.42471938125483e-08,0.99989121185757,0.000103256447543137
0.00965664677673981,2.61851604884198e-06,0.986652658484171,0.00368807622304026
0.000890362204097237,1.12726933345541e-06,0.998205615404706,0.000902895121863661
0.00192095380101455,2.98539827220279e-05,0.997836046558321,0.000213145657942734
0.000463987442312986,4.70022082810954e-06,0.999342691464123,0.00018862087273611
1.51466695430153e-05,7.62425144169429e-07,0.999952351787578,3.17391177346462e-05
0.000148394495875372,1.35918635785276e-06,0.999685385449606,0.000164860868160938
2.71794421049544e-05,1.57400178395843e-06,0.999938664642057,3.25819140541902e-05
0.0853418877305118,2.77235085816159e-05,0.910638517360409,0.00399187140049716
0.0172011152293464,2.83075722299346e-05,0.981602448108108,0.00116812909031576
0.00413718987224498,8.17991337849419e-06,0.995044777317415,0.000809852896961888
0.146997367045541,0.00031350437953792,0.851032782642521,0.00165634593240034
0.00202987700421729,3.35945386963654e-05,0.997725078444125,0.00021145001296186
0.00850005618723166,6.16404219953565e-05,0.990975202578304,0.000463100812468856
0.076672204952984,0.000216013962180481,0.921835294694587,0.00127648639024883
0.000853801675785069,3.14282225304443e-06,0.998729937723043,0.000413117778918693
4.45178637639846e-05,5.00584766387736e-07,0.999836693259544,0.000118288291925599
0.00784055009187508,0.000110443333280369,0.991684393724698,0.000364612850146123
0.0026815963449125,4.44923283959362e-06,0.996461205980519,0.00085274844172908
0.000104966068453823,1.01605920071791e-06,0.999743968851018,0.00015004902132715
0.000235742673128091,2.22043946939524e-07,0.998752616646998,0.00101141863592728
0.000306963241972851,2.61670346544694e-06,0.99949467608878,0.000195743965781405
2.51584756636899e-06,1.6217503800826e-08,0.999855297101669,0.000142170833260539
0.00038727557206563,1.85069637957703e-06,0.999306275252672,0.000304598478882894
0.00235125975158174,8.00395681809119e-06,0.997124559653801,0.000516176637798631
3.62919603390027e-05,7.64258747528818e-07,0.999891610595699,7.1333185214176e-05
0.0200944934710081,7.54181789804792e-06,0.976769662551659,0.00312830215943494
0.000302790763665666,2.65614674456784e-06,0.999503060018562,0.000191493071027533
3.12595475978872e-05,1.51785154221931e-06,0.999929250226063,3.79723747970639e-05
0.000833025057936438,7.32533765343363e-07,0.997978254938845,0.00118798746945303
4.41557642979994e-05,6.5042397408154e-07,0.999858986870836,9.62069408923052e-05
8.38696191793374e-09,2.19741432229139e-06,2.17106836972545e-05,0.999976083515019
3.5708944750881e-06,0.00497041817212411,0.000121642771905725,0.994904368161495
1.36471215980274e-06,0.00294466501972286,4.13677250736495e-05,0.997012602543044
2.66436054959874e-06,0.00365855561481737,0.00010457153707927,0.996234208487554
3.35625347243085e-06,0.00512118058061803,0.000105584315370722,0.994769878850539
8.99747008937033e-09,8.50154737975108e-07,8.84814627532484e-05,0.999910659385039
2.79884121212775e-07,0.000337256033913816,3.24214937330303e-05,0.999630042588232
1.11852851444353e-06,0.00164811362356773,5.83386352805079e-05,0.998292429212637
4.55746511873725e-07,0.000624457187893484,3.73892334490436e-05,0.999337697832146
3.12325013741836e-08,6.65671208718789e-05,4.21581165613162e-06,0.99992918583497
3.74146941105297e-07,0.000643336339324892,2.53850053199485e-05,0.999330904508414
1.38386657486323e-05,0.0260804975314432,0.000181270766644074,0.973724393036164
2.29608292917679e-08,3.74936657288344e-05,4.8418155818797e-06,0.99995764155786
1.60170556697376e-07,0.000266343887650664,1.58206595474189e-05,0.999717675282245
8.09220557507528e-07,0.0012607830426649,4.51814507224213e-05,0.998693226286055
1.03331241229829e-06,0.00164236696100503,5.09456119737427e-05,0.998305654114609
1.98095087466725e-05,0.0436073206133357,0.000181869633983877,0.956191000243934
4.66953122439528e-06,0.00448768872175027,0.000214193459298206,0.995293448287727
2.38110159856161e-08,1.73418588395743e-06,0.000233598571205091,0.999764643431895
1.59451942515528e-05,0.0344110082735895,0.000165907884330246,0.965407138647829
0.000119209602138018,0.203825186480936,0.00059615394522461,0.795459449971702
2.17246518717993e-07,0.000373838262696152,1.82700765785305e-05,0.999607674414207
2.54313734885694e-07,0.000121481248860093,8.56457610859817e-05,0.999792618676319
3.7438741988226e-05,0.041156567231108,0.00057049018392117,0.958235503842983
1.26820616575408e-06,0.00280797646003694,3.83697194669925e-05,0.99715238561433
1.3634099920844e-07,0.000185059198808042,1.82667341705933e-05,0.999796537726022
4.85777324042354e-08,8.51611075568487e-05,7.10403489496178e-06,0.999907686279816
1.63244496271141e-06,0.000341558602902275,0.00059825709155901,0.999058551860576
4.52878957494052e-06,0.00568104561908395,0.00015663463305191,0.994157790958289
8.45835234714123e-10,5.88394657318901e-08,4.51821022003117e-05,0.999954758212499
1.30002767545148e-05,0.0164216114560047,0.000278762838651047,0.98328662542859
0.000190601048103539,0.326908910849722,0.000703938682195789,0.672196549419979
1.93236881867533e-07,0.000307128809380574,1.87266547182093e-05,0.999673951299019
2.26695326367025e-10,3.00470805957044e-07,3.07472699571656e-07,0.999999391829799
3.41567832703592e-11,3.8456541577637e-09,2.41904673567963e-06,0.999997577073453
6.60961154815683e-07,0.000934186011558635,4.49569615654119e-05,0.999020196065721
1.27505202418823e-06,0.00221137779239872,5.19263000697843e-05,0.997735420855507
7.22169476819957e-06,0.0109290597467362,0.000164118028874309,0.988899600529621
6.84476509909069e-05,0.11292458341887,0.000485522850267038,0.886521446079872
9.68102305635719e-07,0.00169564056003654,4.36675379190539e-05,0.998259723799739
1.09886884022168e-05,0.0243025972025555,0.000131384847828065,0.975555029261214
1.01768663501076e-08,4.06264278422098e-06,1.49483453271485e-05,0.999980978835022
5.64041739166446e-07,0.000862307156557785,3.73214373516373e-05,0.999099807364351
5.99549415232726e-06,0.0012468989191856,0.00120773075020683,0.997539374836455
3.25774710823866e-06,0.00639403615718037,7.68992170054384e-05,0.993525806878706
5.68016025092699e-06,0.00894741202299236,0.000136972873555373,0.990909934943201
1.90217409993528e-10,2.05147145747463e-07,3.52895138205177e-07,0.999999441767499
4.872678371312e-09,6.17990207893286e-07,3.98165975374514e-05,0.999959560539576
1.34360065246521e-05,0.01677772368504,0.000287495017213291,0.982921345291222
1.80988462643185e-07,0.000234261575839155,2.2941912121943e-05,0.999742615523576
1.06469244129852e-06,0.000259782996215295,0.000401090766870103,0.999338061544473
1.38075552892043e-05,0.0170372498381247,0.000295708531557154,0.982653234075029
6.89865574034098e-07,0.00105678727411087,4.19508057363119e-05,0.998900572054579
1.6863388229021e-05,0.0222925533176221,0.000304929870670207,0.977385653423479
8.15442260658881e-06,0.0145252351282201,0.000144984812282843,0.98532162563689
1.08271522737469e-09,1.19564739792562e-07,2.02144987259083e-05,0.999979664853819
9.79826848781692e-08,0.000182001731051763,1.02235050320838e-05,0.999807676781231
9.98556537504578e-09,2.23769719142307e-06,2.91428483079837e-05,0.999968609468935
0.000162502254439359,0.228918706154276,0.000857289276033032,0.770061502315251
2.45450306164207e-08,5.10934467942664e-06,5.46881934337061e-05,0.999940177916856
2.09750831781868e-06,0.00194585242978763,0.000141606260205905,0.997910443801689
3.43125966843096e-06,0.00461628832432919,0.000123649353765288,0.995256631062237
6.1347206083562e-06,0.00771166958860227,0.000185245902046129,0.992096949788743
3.12939472575546e-06,0.00619086172290247,7.44303039011615e-05,0.993731578578471
1.31666110925584e-07,8.36024489239338e-05,4.23669776657137e-05,0.9998738989073
6.24006591398173e-10,1.42579463925155e-07,5.10335497101785e-06,0.999994753441558
4.35110405034078e-06,0.00602148429486018,0.000136944517343793,0.993837220083746
3.28241595184067e-05,0.0613343457062097,0.000289850350769009,0.938342979783503
4.48685416817734e-07,0.00055906815752398,4.13542133202217e-05,0.999399128943739
5.4086817130158e-07,0.00100237010374562,2.88927556013844e-05,0.998968196272482
5.73992574554802e-12,4.23009873472676e-10,3.43288553300481e-06,0.999996566685717
1.08836144416896e-05,0.0132251084320226,0.000264210948142011,0.986499797005394
4.10258073108658e-06,0.00259910297502663,0.000311436415901491,0.997085358028341
1.46403667875343e-08,2.14943225847017e-05,4.14483476150933e-06,0.999974346202287
6.76382095047829e-07,0.00102852696846558,4.18260903613106e-05,0.998928970559078
9.13495447032788e-08,0.000148712407166269,1.15039669816414e-05,0.999839692276308
3.38527335540338e-06,0.00659631688628106,7.93021357999396e-05,0.993320995704564
2.05311182908781e-06,0.00302509241712482,8.29943333715636e-05,0.996889860137675
3.1304683342834e-09,3.88977617708829e-06,1.88436838718077e-06,0.999994222724967
1.97824062951568e-06,0.00363129079888784,6.26063825670807e-05,0.996304124577916
3.27991541053465e-05,0.0624778898708874,0.000283071482917592,0.93720623949209
7.76381204349997e-10,3.85881977695586e-07,2.26311172972944e-06,0.999997350229911
4.62548758046483e-08,8.77962190759429e-05,6.24423512097655e-06,0.999905913290927
3.32130154364579e-06,0.00456138140885718,0.000118550471143143,0.995316746818456
1.21400244609623e-09,7.42088818287309e-08,7.9673034954738e-05,0.999920251542161
8.99353067534642e-07,0.00154556712627047,4.2781648692687e-05,0.998410751871969
7.47260050678469e-06,0.0144938365473407,0.00012467580588812,0.985374015046264
1.49339538027151e-06,0.000418358257942981,0.000417718218540621,0.999162430128136
2.32128012301222e-08,3.13720321729844e-05,6.12811888072176e-06,0.999962476636145
4.91807476412052e-06,0.00855892093371693,0.00011230645342598,0.991323854538093
4.11905885579862e-07,0.000708567879723117,2.68767681821829e-05,0.999264143446209
1.48322174852209e-07,0.000244990037831157,1.52187421245507e-05,0.99973964289787
2.04282610035792e-05,0.0289603110293452,0.000312190644237775,0.970707070065413
4.38461122902172e-08,5.72707038327905e-05,9.50141408898499e-06,0.999933184035966
2.33000053913036e-05,0.0123724152107886,0.00095550215028169,0.986648782633538
7.38774840902675e-08,8.39024994937449e-05,1.54553463174433e-05,0.999900568276705
4.01799168931023e-07,3.88026967764506e-05,0.000686169064966394,0.999274626439088
8.40986849814096e-10,2.47370054200539e-07,4.4856186615306e-06,0.999995266170297
7.61683829162142e-08,0.000122134008680787,1.04733672758737e-05,0.999867316455661
3.34363120682231e-05,0.0641647821957422,0.000283336649685988,0.935518444842503
2.46806028598321e-06,0.0039758497179738,8.31085941429155e-05,0.995938573627598
2.49493262714109e-06,0.00508723333708303,6.29753750977131e-05,0.994847296355192
3.34692559964367e-06,0.0070157264187531,7.20402129979475e-05,0.992908886442649
4.31880837825406e-05,0.0173669120817133,0.00173243755499192,0.980857462279512
1.96243702444368e-07,0.000275133419156887,2.19409792225495e-05,0.999702729357918
2.21597587429473e-06,0.00373319117075229,7.40827756258667e-05,0.996190510077748
2.61243961026413e-08,2.23137841297538e-06,0.00018766652641553,0.999810075970775
1.42359947191284e-06,0.00294684929505597,4.46458628961141e-05,0.997007081242576
8.90541637308753e-07,0.00177781230272676,3.54503645464278e-05,0.99818584679109
2.22334367255656e-07,5.43226128376157e-05,0.0001651850762128,0.999780269976582
2.32885042378603e-06,0.00394936393123045,7.56359883833734e-05,0.995972671229962
3.09627843200371e-07,0.000641974515167673,1.80009359557459e-05,0.999339714921034
1.66668409294637e-06,0.00236903527754128,7.67163245192554e-05,0.997552581713846
2.30514137769023e-05,0.0424012347871481,0.000245501696633723,0.957330212102441
4.1746464851566e-09,1.50812443855775e-06,9.63515346928028e-06,0.999988852547446
1.76684613652064e-07,0.000264983640589732,1.90080171567581e-05,0.99971583165764
4.04566848980687e-09,4.32680672489447e-06,2.66156139619802e-06,0.99999300758621
5.87402495870753e-06,0.0078898173532464,0.000167728145293612,0.991936580476501
0.000659622629351802,0.732037260053723,0.001356181127664,0.265946936189262
4.13710277041352e-09,2.13639348749716e-07,0.000246733901245469,0.999753048322303
3.17888995800114e-06,0.00568643044617123,8.48284695881932e-05,0.994225562194283
1.66156385591726e-07,0.00025812039828197,1.75578689867235e-05,0.999724155576346
8.95052439118667e-08,0.000177085226097117,8.93904913055835e-06,0.999813886219528
1.04890849063184e-06,0.0015227698716526,5.71692105934325e-05,0.998419012009263
2.26371143334387e-06,0.00420975047320507,6.66187863072536e-05,0.995721367029055
5.61520617230877e-10,4.88450852326639e-07,9.40758436066506e-07,0.999998570229191
3.07036252042153e-05,0.0486859998721539,0.000340200010416791,0.950943096492225
6.7431647566586e-07,0.00132457039122216,3.06748721887576e-05,0.998644080420114
1.22553285698058e-07,0.000155456392411166,1.85299584062102e-05,0.999825891095897
7.22399365341712e-07,0.000891642009111568,5.54115992813315e-05,0.999052223992242
2.312713125572e-06,0.00463707586938218,6.15395434383814e-05,0.995299071874054
3.04753405730674e-06,0.0043916522840444,0.000106798566295893,0.995498501615602
3.59931335295189e-07,0.000250040634310345,6.98387106486922e-05,0.999679760723706
9.90439473042729e-10,1.08333150642961e-06,1.03725818400017e-06,0.99999787841987
1.21901945672574e-06,0.00176632406910236,6.25561888361179e-05,0.998169900722605
3.77297917319415e-07,0.000721040522912159,2.2432154189365e-05,0.999256150024981
3.30664970735637e-07,0.000662606962092363,1.95415529207293e-05,0.999317520820016
7.90198723772037e-08,4.46144526772243e-05,3.54772373396354e-05,0.999919829290111
3.24569617175324e-07,0.000516947830604672,2.55531271578956e-05,0.99945717447262
2.73486078077729e-07,5.39590563136307e-05,0.000236373872083326,0.999709393585525
9.00169746276939e-08,0.000167576225881626,9.6757180689297e-06,0.999822658039075
7.71027217574442e-08,0.000111271550194975,1.19747210813831e-05,0.999876676626002
5.0271035336341e-07,0.000811626292075823,3.26661687930805e-05,0.999155204828778
1.27234307389168e-06,0.000871319803221064,0.000147928666353242,0.998979479187352
3.5032943635147e-06,0.00622616205341656,9.03640047465146e-05,0.993679970647473
1.51122139876901e-08,1.55116063752873e-06,0.000104343702194853,0.999894090024954
6.96297673771521e-09,8.97489068854884e-06,3.01850554095768e-06,0.999987999640794
5.78460769596423e-06,0.0099203984146803,0.000125208053915765,0.989948608923708
9.10143941716705e-07,0.00142339082693076,4.82014351841314e-05,0.998527497593943
1.06980764402163e-07,6.93542872752005e-05,3.65365831593284e-05,0.999894002148801
1.47297599570099e-06,0.00295566588490558,4.73248650092633e-05,0.996995536274089
2.21177951039418e-05,0.0396344342582629,0.000247801614210568,0.960095646332423
6.86751970384068e-07,0.000581686847683984,8.20894399829119e-05,0.999335536960363
1.01462028910269e-06,0.00155408115420718,5.26534437680854e-05,0.998392250781736
4.04839850459875e-06,0.008014399477776,8.61289728274142e-05,0.991895423150892
1.70523748130172e-10,2.2557207042876e-07,2.54468104842136e-07,0.999999519789301
1.58392807719656e-06,0.000424637251350914,0.000452077253627974,0.999121701566944
3.48318658843672e-06,0.00648972452107612,8.51004926862442e-05,0.993421691799649
1.23262691919845e-07,3.21990727535653e-05,0.00010887872810122,0.999858798936453
2.05029773397492e-10,1.24161058618198e-08,4.13875781665443e-05,0.999958599800698
2.29584809966035e-07,0.000344010458603636,2.23027853569378e-05,0.999633457171229
3.04243967276984e-07,0.000360974405572173,3.46978790241338e-05,0.999604023471436
1.36049767513422e-08,1.93043106634136e-06,6.24192855684398e-05,0.999935636678389
4.23164443692964e-05,0.0740625862815732,0.000357027279054171,0.925538069995003
1.8277184678047e-05,0.0353111994008001,0.000204464274478071,0.964466059140044
3.04248275461036e-06,0.00638075682204347,6.81716795216004e-05,0.99354802901568
8.58070426284272e-06,0.0157524184582273,0.000143864417318378,0.984095136420192
2.59234661589822e-06,0.00464675947945501,7.52884130308076e-05,0.995275359760898
6.74415434004653e-08,8.1316720436137e-06,0.000194035978169609,0.999797764908243
1.67201577666715e-09,2.34371246489425e-06,1.08096255422239e-06,0.999996573652965
1.44480417294269e-06,0.00310758281761692,4.29397204187007e-05,0.996848032657791
7.17358311078147e-08,0.000118572432226664,9.72731274818042e-06,0.999871628519194
6.69987409057472e-07,0.00128941210316616,3.13357002616721e-05,0.998678582209163
1.64838640990686e-06,0.00243110922466205,7.30256966799639e-05,0.997494216692248
1.0893960241053e-05,0.0161971577145836,0.000210258476137593,0.983581689849038
1.26631484582522e-10,1.42943281667017e-08,5.36789748992105e-06,0.999994617681551
1.38633244278464e-06,0.00194861851138639,6.98447807787945e-05,0.997980150375392
8.1592651390082e-06,0.0108247351792186,0.000204232857709371,0.988962872697933
2.04158793824053e-05,0.0291817095242058,0.000309170822730033,0.970488703773682
8.97215595513799e-05,0.14706741417248,0.000555057641050028,0.852287806626919
3.07817962955905e-08,8.44473957742545e-06,4.52623841751532e-05,0.999946262094451
2.55094487859576e-06,0.00116679278080982,0.000336405393884666,0.998494250880427
2.87021330481616e-07,0.000395702870311665,2.81499246529488e-05,0.999575860183705
3.47787039755929e-07,0.000384915271113617,4.06990379103837e-05,0.999574037903936
5.88526334938226e-07,0.000952416688231417,3.57753944250114e-05,0.999011219391009
2.69056591592221e-08,4.1350852485089e-05,5.76095617335895e-06,0.999952861285682
4.43555709964674e-05,0.0831562910732142,0.000336519516025452,0.916462833839764
1.15619039739958e-07,1.34018940009164e-05,0.00027594453818879,0.999710537948771
3.87712739457114e-08,1.03875767336719e-05,5.34117498060827e-05,0.999936161902186
1.33922916988738e-09,2.55396099536871e-07,1.04194737340058e-05,0.999989323790937
9.58661577590793e-07,0.00136024673270459,5.57021587943084e-05,0.998583092446923
3.91350028057718e-06,0.00557685279999646,0.000124708788389345,0.994294524911334
6.74783665636635e-08,1.98769182761482e-05,6.66826609385122e-05,0.999913372942419
2.69126008262849e-08,2.99078384063535e-06,0.000128997525747654,0.999867984777811
5.01678069764961e-05,0.0730678722431683,0.000482688630713531,0.926399271319142
0.000268941926180771,0.380600815662336,0.00100013554003937,0.618130106871444
4.18851583317528e-07,0.000193616509569574,0.000118832063325488,0.999687132575522
4.26731092946709e-05,0.0580864237689246,0.000480639665220054,0.941390263456561
1.32215787153499e-06,0.000661260526496631,0.000211532443137976,0.999125884872494
5.18998631811754e-07,0.000988012254627845,2.72798911933005e-05,0.998984188855547
