0.999999995084554,3.91276670797581e-26,4.78236093581449e-09,1.33085505929426e-10
1,7.94889405588129e-41,2.41072447799804e-27,2.60661288423247e-19
1,6.93770855630169e-33,1.12563811497082e-26,3.21088232347383e-18
1,1.12536362649493e-30,3.13990146105422e-23,1.21797478165823e-16
0.999999999896301,2.42418834363867e-27,8.36491296220271e-11,2.00498534467101e-11
1,9.33238315706176e-39,2.36676790646734e-34,8.04845209180405e-22
1,5.99337276148468e-39,2.43193224609152e-29,6.30730139319038e-20
1,2.3895902892649e-39,6.72775283870338e-35,4.25653785649336e-22
1,3.14153439956149e-35,5.38445166640555e-28,5.27333257340885e-19
1,1.29233867294426e-33,1.46327599001988e-32,1.91950733992169e-20
1,4.01828220124984e-36,5.73487066640962e-27,1.04393217312563e-18
1,7.83185054872241e-32,9.13138438247448e-31,1.55154504718548e-19
0.999999999999976,1.52569960371749e-33,1.36031868920481e-16,2.38372852655823e-14
0.999999999999997,1.32545417583182e-33,1.0078079910596e-18,3.35249362369555e-15
1,1.83313440130962e-34,3.42885104690338e-25,7.74264029854313e-18
1,3.48868720234952e-38,9.50023675498196e-26,1.96192429354326e-18
1,8.30798485552646e-38,1.8409300085048e-25,2.76974369386499e-18
1,9.87115603139091e-33,5.27328128913067e-28,1.0802117872961e-18
1,2.74946177214904e-34,3.80411088022895e-28,6.00256767769104e-19
1,4.10170106394936e-34,1.44572372538926e-24,1.47975089900657e-17
0.999999999999856,1.52036239435578e-30,2.11039115211794e-15,1.41460383413932e-13
1,5.91170299392718e-40,7.14791136406951e-25,3.03786246884029e-18
0.999999999999961,1.15083180802815e-28,2.30843745877452e-17,3.8750578832252e-14
1,9.29408787296817e-37,1.50430599707953e-28,2.17225607272935e-19
0.999999999999999,1.29770994757333e-33,1.53329483792305e-20,6.37209876516459e-16
1,1.22669524899516e-36,1.44968558126224e-29,9.12422899492332e-20
1,7.37349445819549e-33,1.06267278916275e-28,5.78378456564286e-19
0.99999517263798,1.23321190200052e-08,4.18532612612445e-06,6.29703775099016e-07
1,2.51371266638648e-35,1.58309554389004e-24,1.14030079052114e-17
1,1.37143407685687e-38,6.22450328427793e-31,1.65311906045828e-20
1,4.06839153774562e-41,5.88843424151954e-27,3.51612022280732e-19
1,4.61801634663089e-37,9.86061197640624e-24,1.58590307776008e-17
1,1.01649254917343e-37,2.97693758571351e-20,3.39202242234076e-16
0.999999999999994,7.08866494092733e-34,4.65367932897157e-18,5.78782858718747e-15
0.999999999884362,3.53402794611322e-29,1.01839037856092e-10,1.3799117691987e-11
1,7.33010012316113e-36,1.35514943038778e-29,1.09742079110816e-19
0.999997805964126,8.93377673755419e-42,2.1939701839059e-06,6.56896731989114e-11
0.999999996782721,4.40107576029762e-11,5.82464476529281e-11,3.11502143924975e-09
0.999999999999999,9.87260339976861e-38,1.20693013412618e-18,1.4912380619434e-15
1,1.11676685132834e-38,1.14513636224912e-20,1.90627771390796e-16
1,1.36349076289189e-30,2.59875768999113e-32,8.44926202393741e-20
0.999999999977187,1.36042172420154e-24,6.96339477835153e-12,1.58495507040842e-11
0.999999999999998,3.77624162016408e-31,4.09772702744485e-20,1.71193637682764e-15
0.999989881562177,2.69543331239483e-20,1.01053919855784e-05,1.3045837485726e-08
0.990301535153844,1.26275159192116e-10,0.00969371233979769,4.75238008313726e-06
0.999999999999999,4.35362804690264e-38,3.49592391466019e-19,8.45068681017935e-16
1,7.81148073519716e-33,1.83742034466e-25,9.36745641560118e-18
0.999969340534825,7.30899415138501e-14,3.04937801948171e-05,1.65684907662097e-07
1,1.71880640743435e-43,8.50054320339746e-21,6.90148760327521e-17
0.999999999997866,4.25280078723588e-23,1.14808655289714e-14,2.12220900942845e-12
1,1.5315967567675e-33,2.61386425220455e-22,1.301680060207e-16
1,1.79355051181847e-32,4.65110953510479e-23,8.67330979544114e-17
1,3.35637307400838e-32,3.90330285263e-31,1.00852796646956e-19
1,4.33856338297816e-36,5.62794018366681e-21,2.45423354706962e-16
1,2.02062936959596e-35,1.7192271125132e-21,1.77212887945164e-16
0.999999999979467,3.22828522664335e-25,7.10821321265487e-12,1.34246671156561e-11
1,7.2177787289994e-34,1.29612694248187e-30,8.48252190916376e-20
0.999999994245394,1.85869351504561e-17,4.0852921110193e-09,1.66931359146417e-09
1,8.36159090646863e-39,2.40075888491375e-25,2.48625977373451e-18
0.999999999999786,4.84333734067099e-34,3.02737612647207e-14,1.83681953021729e-13
1,7.76924346759297e-32,6.26760279767702e-31,1.36299180621456e-19
0.999999999973546,6.32127117830443e-23,4.56977486222304e-12,2.18841707391802e-11
1,4.75615605313661e-35,1.09012642769953e-35,9.73032892340834e-22
0.999999940066623,1.54102311832969e-26,5.96104732162756e-08,3.22904141652009e-10
1,1.40460678549164e-31,8.89557165202794e-29,8.3556020868212e-19
1,9.05785038263613e-36,1.44234794057678e-20,3.82727504980201e-16
1,1.65223321190765e-33,1.84512552117189e-26,3.24027001465668e-18
0.999999999992844,2.60638925300171e-26,1.58690274207108e-12,5.56961664280747e-12
1,6.0123885515247e-34,1.50537351775315e-25,6.42751397237093e-18
1,2.31975593976606e-32,5.44761086791567e-29,5.35937105834789e-19
1,5.95464031395717e-42,2.83772149768115e-30,1.40280511344025e-20
0.999999999999021,6.35036125619318e-22,5.16530605620949e-16,9.77982446469879e-13
1,1.21153177702554e-33,4.59470271408376e-28,7.77247402810195e-19
0.999998673252229,4.2044261300528e-14,1.27989417154891e-06,4.68535571447231e-08
1,9.39247408308203e-31,7.75948587231651e-30,4.87593209056413e-19
1,4.59151111914501e-38,4.89192404057295e-26,1.54706685011939e-18
0.999999999999805,1.79063030728179e-28,1.25684227303443e-15,1.93940325040789e-13
1,6.45993316531968e-33,2.13394476528478e-22,1.40232348556125e-16
1,5.17593709400824e-35,6.39604042967263e-33,8.7077043899363e-21
0.999999999999998,1.12862849989186e-31,1.2655540163663e-19,2.33442157797631e-15
1,5.42204586768979e-34,4.96148355324022e-21,3.73333676186756e-16
1,5.93373237854648e-32,1.40065593030073e-30,1.71627947555906e-19
0.999999999999846,2.06069253300307e-41,8.59862567695882e-14,6.80129152643721e-14
0.999999999999996,1.38556846138168e-38,2.09896998544222e-17,3.96530016434843e-15
1,3.2015357590702e-37,4.56541101839374e-26,1.81695149577638e-18
0.999999999999999,5.75262298816558e-33,1.15316158563943e-20,6.6366557061914e-16
1,1.68786033140948e-32,8.77615471117531e-30,2.67113567977442e-19
1,1.21993129642696e-42,4.37465061742301e-24,3.76211346136499e-18
1,8.42278405656637e-33,1.51901594949377e-28,6.70912222590295e-19
1,2.28583725055333e-31,8.5609649535941e-24,6.10004732032322e-17
1,4.94175863879871e-35,3.33756550792591e-21,2.5156556419851e-16
0.973332644588965,4.28847718813047e-11,0.0266616494975511,5.70587059928586e-06
1,7.3915566315713e-34,2.19743628976929e-32,2.02022390673574e-20
1,6.79748816118867e-30,2.71099972207745e-27,5.07486335035368e-18
1,1.78813019319822e-33,2.74666786312941e-34,5.4009259274588e-21
0.99999999999999,6.17248299474042e-36,5.57447637347535e-17,9.97979671139617e-15
1,3.01513928623259e-37,2.2743331511596e-30,3.83289558734002e-20
1,8.62248613964217e-42,4.97170262158185e-31,7.26272646250847e-21
0.999999999998114,3.37978694325742e-30,5.28378763566424e-13,1.35810665148674e-12
1,6.08350965628346e-40,7.10271646194528e-25,3.03772008762888e-18
0.999999999996208,9.37389585824289e-24,8.46712799112444e-14,3.70773130592286e-12
1,2.86499890128035e-34,2.29751416942907e-27,1.18972320951923e-18
0.999999999999999,5.26983929729145e-33,1.25396798280571e-20,6.79723054362625e-16
0.524400163575019,6.24513999286609e-34,0.47559981005957,2.63654107393891e-08
0.999999999999992,4.62513346726318e-39,1.37117118569598e-16,7.69931550182727e-15
0.99999999954395,7.08473478263727e-17,5.14157832751094e-11,4.04634398567988e-10
0.999999999999187,6.62352983274264e-27,1.6207480084987e-14,7.96945527798335e-13
1,6.81460691509881e-39,5.58300632719188e-30,3.59455174895564e-20
0.999999999999778,9.73155625678643e-43,1.52817892159554e-13,6.87877822107475e-14
1,3.72121116935495e-38,2.55024555167555e-21,1.15976773748869e-16
1,1.12411011120981e-48,1.04077396258479e-27,4.52321716883326e-20
1,6.08041342895671e-32,3.28229320935345e-31,1.05008802054055e-19
0.999999999999978,1.17344173530663e-32,6.80439897635647e-17,2.2124973108411e-14
1,1.54375368439252e-33,1.0219500947552e-26,2.56857763662078e-18
1,4.72779123872425e-32,8.01619771969655e-27,3.6344734391369e-18
1,3.88511934849442e-41,3.48697794839145e-19,4.71210575081849e-16
0.999994275442255,7.49762609988796e-12,5.53493663509156e-06,1.89613611835767e-07
0.99999999999965,7.67498522332064e-28,3.63639275695139e-15,3.46629154341949e-13
1,1.62642251698344e-37,1.86279950120555e-31,1.38063493833301e-20
1,3.38925522452168e-34,2.03549326272727e-27,1.15958035167151e-18
0.999999999999987,9.19111356326623e-41,9.4724326351126e-16,1.22825489782246e-14
1,2.06448729556497e-38,4.55167820356252e-34,1.1335310265562e-21
0.999999999999999,6.59718353008492e-40,2.84180773383698e-18,1.37878788725038e-15
1,3.25676510872349e-29,1.40211292656493e-25,2.6115587158515e-17
0.999999999999996,3.88911529019689e-30,1.80917011276557e-19,3.97250229520998e-15
1,8.19474622372967e-36,2.32661984939476e-31,2.44932448254508e-20
0.999999999999808,1.84147426312774e-37,6.63942261724288e-14,1.25571409528548e-13
1,1.12373862106905e-34,2.26268941050845e-29,1.86803120903295e-19
1,1.00461931758811e-33,1.22240384933785e-25,6.29214828874813e-18
1,5.49741602311492e-36,1.58888826237071e-29,1.12591836998694e-19
1,6.89868712117861e-33,1.94027184198442e-32,2.79077002684755e-20
1,2.961872292994e-31,2.02741745750966e-27,2.84620448795114e-18
0.999999999996994,1.70560163586593e-24,8.08871924201751e-14,2.92470070697573e-12
1,2.59922481979466e-34,2.18072096169184e-30,8.85353521052386e-20
1,9.27433653515866e-51,1.29668999410242e-37,3.01800776309992e-24
0.999999648366897,2.24911625176933e-23,3.50156014133741e-07,1.47708921028389e-09
0.999999999999999,2.9496359967278e-36,6.95468339816834e-20,6.45621217971118e-16
0.999999999999999,5.96840989004414e-32,5.72917275435341e-21,6.47216044177784e-16
0.999998550858175,4.027177459667e-19,1.44029795488969e-06,8.84387030570173e-09
0.999999948785914,4.80937077493375e-21,4.98577858430051e-08,1.35630022809949e-09
1,1.92930920360131e-34,1.02080194343681e-27,8.34072077731604e-19
1,5.54874026796239e-37,2.27429294223757e-32,7.32390837708458e-21
0.999999999999898,6.64441507827593e-33,3.38539642465453e-15,9.85585885655714e-14
0.999999999999987,1.60392243952238e-32,1.71601480569465e-17,1.32282458881802e-14
0.99999912547622,6.40931571449249e-44,8.74491243454775e-07,3.25368074078676e-11
1,6.8320910086541e-32,4.31267462582291e-30,2.58905548468551e-19
1,1.1553789808773e-34,3.97177006631836e-26,3.19100907109208e-18
1,3.1070364405732e-37,1.35630648244107e-26,1.12267473839216e-18
1,1.01361045984741e-33,8.48850537653626e-31,7.66315661551371e-20
1,2.20232942270372e-41,3.13097795510416e-21,6.72837093188935e-17
1,1.06027525367502e-32,2.38166439212012e-25,1.07286314234161e-17
0.987805048949001,2.96831038981468e-18,0.0121945838859779,3.67165021333594e-07
1,3.70355398738633e-29,4.72727200329631e-25,4.11882840649906e-17
0.999999999999739,1.54919271043569e-30,9.10551353410525e-15,2.52289332339475e-13
1,5.7428412830647e-32,4.79070156139578e-27,3.08703597188599e-18
1,4.63258323581706e-37,8.43554359015423e-23,3.73041869470509e-17
0.999999999999994,2.55679936066529e-37,3.44996747797119e-17,6.21030445476324e-15
1,2.97309300112817e-35,3.43331220611238e-34,2.87391964448548e-21
1,2.5954530700823e-31,2.27299140145857e-25,1.57712959350168e-17
1,8.37593751534142e-37,2.05294659754603e-22,5.62025703974102e-17
1,1.60598430547758e-36,9.04291001679622e-24,1.72590439053375e-17
1,7.73376258394905e-37,4.95466979355525e-26,2.04855236026224e-18
1,4.18808002803909e-34,3.84657677900921e-33,1.01022998481336e-20
1,5.58816870859018e-34,1.29271408703683e-28,4.38908000756596e-19
1,2.88092045892508e-38,1.04705131335815e-21,7.9370039888736e-17
1,4.24480473856065e-34,8.20546185637069e-32,2.9409621923616e-20
1,2.38697726177334e-33,2.8083095964382e-24,2.32744641371912e-17
0.999999866650501,7.66521657552845e-19,1.29484799121499e-07,3.86469993125491e-09
0.999942358954132,2.35703059919303e-22,5.76268340891188e-05,1.42117790980809e-08
1,4.63340242728884e-31,5.91706356578571e-29,8.72464755731248e-19
1,1.73796292922827e-37,1.3264215855425e-25,2.61007529536101e-18
0.999999999999996,1.96608127171298e-37,1.20055938445607e-17,3.97618765299192e-15
1,1.20601093804758e-32,2.19233288472792e-31,6.99703103104699e-20
1,3.77262471308194e-32,2.83746291837847e-24,3.21747031787216e-17
0.999999968089961,1.94841650777397e-17,2.84367055983942e-08,3.47333330845573e-09
1,5.11137370744469e-35,4.18593145179786e-29,2.12724068754904e-19
0.999999999999999,3.01590257010073e-34,1.71203574149207e-20,5.7500020599676e-16
1,1.85247737999733e-36,2.80420466902743e-26,1.7897206572431e-18
1,6.42647166409574e-37,1.46684563074199e-32,6.35014785974266e-21
1,5.43172340042807e-35,8.98107352690359e-21,3.76204934313396e-16
0.999999247763641,8.25745604009509e-34,7.52061949445399e-07,1.74409184355543e-10
1,1.50835908605639e-31,2.00507562882919e-27,2.57171231965747e-18
0.999999999185637,3.2254749159517e-26,7.51226660592342e-10,6.31366550368709e-11
1,8.50187257574571e-35,1.03755160354709e-30,5.79443428335473e-20
1,5.71189679711158e-38,1.57897077885279e-27,4.0676235005319e-19
1,1.93610805151325e-32,1.07634653621922e-23,4.96607455238648e-17
0.999999999999988,2.78649983150585e-35,6.42888741763313e-17,1.21220756308194e-14
0.999999999999999,3.86072311106059e-30,6.17219092786568e-21,1.07069122523822e-15
1,2.93725093408269e-34,2.23086239178318e-28,4.954637496728e-19
0.999999999993191,1.59667035666817e-19,1.01870266406409e-14,6.79907802773183e-12
0.999999974126011,5.45887593999518e-22,2.50861620598405e-08,7.87827082968297e-10
0.999755017691927,5.2614618309192e-24,0.00024496621778456,1.60902880193066e-08
1,2.94217957567892e-40,2.48493024324634e-32,3.16649420508663e-21
0.999999999989328,2.89705130728771e-34,8.97350992315338e-12,1.69837430676347e-12
0.999999999999998,4.88195843532783e-35,3.56836511125222e-19,1.61135510265594e-15
1,8.60032553269908e-35,8.94024364347335e-22,1.57539960689266e-16
1,1.33131336225209e-31,7.18714707714589e-26,9.40601667912896e-18
1,4.78208955068715e-38,2.13747802212062e-25,2.78971255835244e-18
1,2.44726894480313e-37,1.26170281756226e-24,6.59272353325483e-18
1,3.07525166516647e-39,5.36410235563776e-21,1.25848380993926e-16
1.12731623432439e-08,0.999999848882443,1.12120156563275e-25,1.39844394293301e-07
3.81004794945263e-08,0.999999426563005,1.07235142009445e-26,5.35336515943743e-07
2.37738622234367e-07,0.999991933231692,5.82673589735258e-27,7.82902968606637e-06
6.7394276905539e-09,0.999999779586216,3.46976965815733e-23,2.13674356028644e-07
1.58814238567425e-08,0.999998753529522,2.45901996624353e-23,1.23058905439193e-06
4.95402050262752e-08,0.999998115010965,1.01545327125481e-25,1.83544882959869e-06
1.7751620149559e-09,0.999999994161138,5.20499393133824e-22,4.06370028380455e-09
1.18159197397829e-07,0.999977487907048,2.19210166940408e-24,2.23939337544789e-05
1.04473572006715e-07,0.999135165686499,7.28077065068798e-17,0.000864729839928573
3.76639007707051e-08,0.999964753326238,3.80987706025754e-20,3.52090098612125e-05
1.64209279924006e-07,0.997550576463801,1.08553038711277e-17,0.00244925932691869
1.81012521640054e-05,0.999979474457586,4.04836943148533e-34,2.42429025037662e-06
7.96411110592882e-09,0.999999982795908,2.39719450843895e-28,9.23998125616762e-09
2.82908298674488e-07,0.99999526042508,7.11629178427796e-28,4.45666662113844e-06
3.14599627139784e-08,0.999972509484978,9.62183027692076e-19,2.74590550590559e-05
3.97069432922381e-09,0.999999925533849,1.80208944697038e-22,7.04954566173003e-08
4.10326290855994e-08,0.99994040894961,1.9076665347058e-18,5.95500177610021e-05
4.51117927825633e-09,0.999999943431325,2.57367680717437e-24,5.20574955206323e-08
4.43419891975812e-08,0.999999499537694,3.48345469347752e-27,4.56120316610562e-07
4.20476862199934e-08,0.999999729899585,6.94136178470979e-28,2.28052728524215e-07
5.05649779105508e-07,0.97893114677227,3.91367457587311e-18,0.0210683475779504
1.87827150955802e-08,0.99999993056378,4.37910832069377e-28,5.06535045512854e-08
1.58312974043814e-08,0.99999978814131,4.67035821950362e-26,1.96027392179543e-07
8.57030342551366e-08,0.999521907030766,7.81375778319495e-18,0.000478007266199597
4.15559749893763e-09,0.999999978768895,6.05884004831734e-26,1.70755074992596e-08
4.0674611575438e-08,0.999999840124015,1.49304014892428e-28,1.19201373147719e-07
1.54055230430744e-08,0.999999588177023,5.0817287293607e-25,3.96417453763007e-07
3.66572768793569e-08,0.999999588987327,4.77054940702728e-27,3.74355396258406e-07
5.5801670091789e-08,0.999989848616833,9.81931257977138e-24,1.00955814970588e-05
2.83184605823462e-08,0.999995818240839,3.3662803085743e-23,4.15344069990734e-06
1.01601634983524e-07,0.999222942690401,1.44164164544699e-17,0.000776955707964262
1.39333967863897e-08,0.999999895675496,9.14978893927384e-27,9.03911075576843e-08
1.26321408634434e-07,0.9990872384212,1.61422110553459e-15,0.000912635257389649
2.97905545916528e-08,0.999999944395149,1.14894160111949e-29,2.58142963753828e-08
4.13267789497602e-08,0.999992682091084,1.99800362652117e-23,7.2765821374175e-06
3.61851377506873e-09,0.999999980046374,1.44279401366953e-25,1.63351124667774e-08
1.54893587091247e-06,0.999862754029153,7.28017670451345e-27,0.000135697034976435
4.95019863635072e-08,0.999997772305715,1.67631873207899e-25,2.17819229858353e-06
2.65302017549802e-07,0.999991482480756,4.34136817146445e-27,8.25221722599382e-06
9.96008717797141e-09,0.999998970554122,9.12643236939312e-21,1.01948579051294e-06
7.8495150660764e-08,0.999971947861136,3.79753622910144e-23,2.79736437131775e-05
2.47230067390425e-08,0.999999082322858,4.33228761294097e-25,8.92954135495192e-07
1.43913941099475e-08,0.999997168503531,9.37373407839271e-21,2.81710507476848e-06
4.80899442863506e-09,0.999999961365414,2.49723650794989e-25,3.38255919040961e-08
9.43207947116293e-08,0.999999234638509,4.11152631293542e-28,6.71040696243379e-07
4.57560287835734e-08,0.999999664261625,9.10577813981777e-28,2.89982346046315e-07
7.9839876796155e-09,0.999999705329791,2.27054882769253e-23,2.86686221308821e-07
6.70834025204769e-09,0.999999668242789,1.53577183604856e-21,3.25048870513139e-07
5.78523314267448e-07,0.100207613046102,1.99605197673378e-16,0.899791808430584
7.48545043578537e-09,0.999999961739618,1.04151328462317e-26,3.07749313364046e-08
1.43978462889144e-08,0.999999469992458,1.93102959638774e-24,5.15609695286645e-07
3.85313943882935e-08,0.999994853123377,9.29778636026904e-24,5.10834522859691e-06
5.83128044123446e-08,0.99999101185044,5.17506352243068e-24,8.92983675521479e-06
0.000100790583788155,0.997856808697913,7.68382305607836e-30,0.00204240071829887
2.56722864088634e-08,0.999998484366297,1.80878460647949e-24,1.48996141707468e-06
1.67522305346605e-08,0.999998044690304,1.05027856958354e-22,1.93855746501449e-06
2.79601421127921e-08,0.999986914784238,5.60546458048776e-21,1.30572556197612e-05
4.51661771873944e-07,0.996487493270203,1.34425599893027e-20,0.00351205506802531
2.54410853950151e-08,0.999998637715524,1.33793404819086e-24,1.33684339069092e-06
2.82740033976526e-08,0.999998954162089,3.09847063058658e-25,1.01756390749194e-06
4.75323932148752e-08,0.999999629528682,1.02787263487011e-27,3.22938924970424e-07
3.2584096983467e-09,0.999999956571539,2.5647934789503e-22,4.01700509044393e-08
4.86462120935947e-09,0.999999941767174,1.39820239444575e-24,5.33682044043949e-08
3.24566232502356e-09,0.999999957764035,3.78383342974785e-22,3.89903028399479e-08
5.65237658207693e-09,0.999999964050524,5.42294833987274e-26,3.02970994571176e-08
3.69620839701543e-08,0.999999058525266,5.48189244992021e-26,9.04512649851051e-07
1.29267181212858e-07,0.99999734528941,3.52925602492801e-27,2.52544340921606e-06
1.3739627226434e-07,0.999984751977331,3.46560647653783e-25,1.51106263970262e-05
2.62267748881621e-08,0.999983946532588,6.30836105002337e-19,1.60272406369124e-05
6.92126876593699e-08,0.999999290484167,1.2760528706578e-27,6.40303145327481e-07
9.22563006227406e-06,0.999148660269695,1.45526922729163e-27,0.000842114100242953
3.19707969039561e-07,0.989342963883532,1.12586475810608e-17,0.0106567164084992
1.13163480772133e-08,0.999999735864721,7.98513575654242e-25,2.52818931367605e-07
1.48830107345901e-08,0.999999171070864,8.11952218478219e-24,8.14046124730547e-07
1.027713284124e-08,0.999999776005495,8.51047161598828e-25,2.13717371724272e-07
2.22624875688725e-06,0.999964531906942,6.87875551685141e-29,3.32418443008494e-05
3.00387769043186e-08,0.999999773674854,2.02156489309519e-27,1.96286369269143e-07
2.83877681618964e-06,0.999960239173244,3.9817803083966e-29,3.69220499394229e-05
8.72140756907871e-09,0.999999730274773,6.4561242526496e-24,2.61003819901426e-07
1.36051614278065e-08,0.9999999057756,7.41141750769418e-27,8.06192388103246e-08
5.87624265376695e-09,0.999999794334344,2.03544481119947e-22,1.99789413080403e-07
1.84429240919817e-07,0.999988872937523,3.95242203633911e-26,1.09426332357372e-05
5.14233111844013e-08,0.999999816541404,7.52416983713334e-29,1.32035284705891e-07
2.4781283180534e-07,0.999977890365803,7.38643756500047e-26,2.18618213651648e-05
3.31758389336401e-07,0.999998914400596,5.46440520831552e-30,7.53841014608533e-07
4.64760527905671e-08,0.99999773564164,2.42149591192677e-25,2.21788230706582e-06
6.9009455202028e-08,0.999999422066312,7.11348580232594e-28,5.08924232421311e-07
1.0610602044216e-07,0.99938099468753,9.43103348595115e-19,0.000618899206449983
9.03526147127638e-08,0.999999113089987,7.56308843255191e-28,7.96557397951125e-07
1.68289422997049e-08,0.999996735348965,1.3509525653214e-21,3.24782209235144e-06
1.79727350576332e-08,0.999999721866647,5.55454302371007e-26,2.60160617510076e-07
2.55907826866491e-07,0.999997038436534,2.98291620465044e-28,2.7056556396174e-06
1.22843487762287e-08,0.999999588489736,2.31979032755871e-24,3.99225915518208e-07
4.07148655069368e-09,0.999999955107874,2.36580066242698e-24,4.08206390046697e-08
4.24688536212838e-09,0.999999946492985,3.73529470153725e-24,4.92601298116579e-08
1.51024030676507e-08,0.999999833914206,2.73639328978212e-26,1.50983390524728e-07
1.36470276403305e-08,0.99999970589057,3.40939991719048e-25,2.80462402206402e-07
2.24855345916519e-08,0.999989478568806,8.23754289553491e-20,1.04989456589246e-05
8.47852863885226e-08,0.999997759885724,1.35952645180688e-26,2.15532898984881e-06
3.62259066010967e-08,0.999998696462554,1.63067524674114e-25,1.26731153932781e-06
6.8523143502526e-09,0.999999941963688,9.06464111599292e-26,5.11839974054479e-08
8.14587049106296e-09,0.999999786266322,4.31165777237286e-24,2.05587807751164e-07
3.98237250068906e-09,0.999999923838233,3.65086779865589e-22,7.21793948308312e-08
3.12961182630062e-09,0.999999971510427,4.48673852425164e-24,2.53599614644334e-08
1.03418559527552e-08,0.999999356953942,1.91391148746598e-19,6.32704202424814e-07
6.6780889149359e-08,0.999997815086072,3.74555688682643e-26,2.11813303835576e-06
1.03682909065791e-07,0.999985351638893,1.16471955396487e-24,1.45446781976816e-05
7.01216508354756e-08,0.999997316050611,5.39164188051316e-26,2.61382773851775e-06
4.58851860708008e-09,0.999999901028658,6.48919307296582e-23,9.43828233449904e-08
1.34215798295047e-08,0.999997950867764,1.49800813208464e-19,2.03571065638438e-06
3.97121556722275e-08,0.999999747256705,7.40364009324493e-28,2.13031139691548e-07
3.53780636425244e-07,0.999998708336994,7.31914482486281e-30,9.37882369979724e-07
5.34429429602657e-09,0.999999869272901,3.52943136218264e-23,1.25382805107634e-07
9.61175955059326e-06,0.999953596346252,8.89943733089763e-31,3.6791894197328e-05
3.73161269204752e-07,0.999988280584007,2.64292743056738e-27,1.13462547241047e-05
1.26229931773632e-08,0.999999944581745,1.77025069671948e-27,4.27952615922486e-08
1.10713383965787e-07,0.999999769297951,3.37698532945673e-30,1.19988664844743e-07
4.69934526807578e-09,0.999999982889489,9.37536784119648e-27,1.24111652813757e-08
1.10446313478745e-07,0.999054709433101,1.12972558861267e-17,0.000945180120585293
2.03020016255228e-07,0.999959594114019,9.36188931227937e-25,4.02028659651195e-05
4.12242801956957e-08,0.999969977554952,5.29142196423427e-21,2.99812207680367e-05
9.6220322027494e-08,0.999962260486814,3.12933131671513e-23,3.76432928636862e-05
2.84141900574763e-06,0.999880164239233,6.18506297414184e-28,0.000116994341761685
1.69840094755433e-08,0.999996113459656,3.73248020025495e-21,3.86955633429776e-06
3.64432370909615e-09,0.999999986473347,2.25323195577866e-26,9.88232961753907e-09
2.53461010911424e-08,0.999999666706895,1.56843586449866e-26,3.07947003868499e-07
1.33992096323121e-08,0.999999878472799,1.906738923489e-26,1.08127991696483e-07
7.14599413101351e-07,0.999992562445591,7.01253941099841e-29,6.72295499629867e-06
0.000725501357185909,0.997079602213999,3.80077308906115e-32,0.00219489642881453
2.48243244140568e-06,0.999597127922559,2.03022659975505e-26,0.000400389644999224
6.14899218028088e-08,0.999997283327442,1.04025736917857e-25,2.65518263646283e-06
3.28615276456244e-08,0.999999418802813,2.30778972431483e-26,5.48335659220248e-07
4.24212974767349e-09,0.999999963152645,5.97651816617457e-25,3.26052254591486e-08
1.25317738969748e-08,0.99999993176712,3.87237471002806e-27,5.57011066661672e-08
3.87319752335924e-08,0.999999815751676,3.0482586411068e-28,1.45516348438938e-07
1.25020913237485e-08,0.999999456830618,5.92032878058818e-24,5.3066729108277e-07
1.78521605836367e-08,0.999995686235416,5.64329675001899e-19,4.2959124235308e-06
6.56988211404041e-08,0.999996787665605,1.23493038368691e-25,3.14663557350153e-06
1.47138431998372e-08,0.999999953226493,3.89496215991492e-28,3.20596635278796e-08
5.38085186066224e-08,0.999964238619457,1.0945569756425e-21,3.57075720245711e-05
1.72828282853924e-08,0.999999901116558,2.35289180794369e-27,8.1600613341556e-08
7.0635881876886e-09,0.999999632966546,7.15073737425461e-22,3.59969866092468e-07
1.44086892639576e-08,0.999999608725111,6.51247800153812e-25,3.76866199529102e-07
2.81616596570097e-07,0.99378715323293,3.07680880833745e-18,0.00621256515047325
3.48050185250265e-09,0.999999951949944,9.34973307323246e-22,4.4569554154164e-08
2.89014115437283e-08,0.999999209657923,1.14337510260741e-25,7.61440665982443e-07
1.34726466362044e-07,0.999987553599089,2.13006715266944e-25,1.23116744447679e-05
2.84421719786398e-08,0.999997633810943,4.34132346181532e-24,2.33774688464411e-06
2.57168950384282e-08,0.999998215589415,3.10764819287876e-24,1.75869369004912e-06
1.03248172415364e-06,0.999982257541015,1.76436874979564e-28,1.670997726121e-05
8.61594019315726e-08,0.999998635793596,3.14394972113971e-27,1.27804700195289e-06
1.0989266122311e-08,0.999999565163791,6.76376990917157e-24,4.23846942915825e-07
8.1407787800838e-07,0.999981195637224,4.83158870905273e-28,1.79902848977299e-05
6.92663487503727e-09,0.999999697067391,1.8000058692307e-22,2.96005974496206e-07
1.14464455744977e-08,0.999999634462944,2.48258409774557e-24,3.54090610704129e-07
5.01770986581285e-07,0.983408378070806,1.64351547713317e-18,0.0165911201582073
1.16088306241973e-08,0.999998629138488,8.36420715868771e-20,1.35925268100455e-06
9.56609343494954e-09,0.999999207164551,7.6301870363774e-22,7.83269355839724e-07
1.19614402455842e-08,0.999999062622189,9.41425709076448e-23,9.25416370578016e-07
2.21722343996476e-07,0.999988130054322,2.18018073839823e-26,1.16482233337238e-05
8.2037461785671e-07,0.89226887173218,4.59138898313728e-17,0.107730307893202
2.09457461589085e-08,0.999998250067919,1.12822239033155e-23,1.72898633514409e-06
5.18196475665556e-07,0.999844197068461,6.86586073182113e-25,0.000155284735063881
1.61065763736514e-07,0.999997498020975,1.20728433335593e-27,2.34091326140022e-06
3.00984315779159e-07,0.999996197870403,3.10201424640487e-28,3.50114528078974e-06
8.86229914750963e-09,0.999999966867594,2.08219227512017e-27,2.42701064658941e-08
4.59836590471722e-08,0.999999670118587,8.43358237660068e-28,2.83897753896801e-07
9.87837821241647e-07,0.999993071963351,1.74566620291923e-29,5.94019882739773e-06
1.40994319134501e-08,0.999997226653482,4.14975125362525e-20,2.75924708588234e-06
3.99665346206254e-05,0.999934919941617,6.43719112490976e-33,2.51135237625213e-05
9.30240706908237e-08,0.999999034795297,8.49273412874825e-28,8.72180632381201e-07
1.06075159666994e-08,0.999999835159895,2.24541292093279e-25,1.54232589459685e-07
2.75418875008392e-08,0.999997849008896,3.83257707735059e-24,2.12344921609304e-06
1.73272965347338e-08,0.999998384340283,3.47864659019788e-23,1.59833242092361e-06
1.66625924184962e-08,0.999998852525331,1.21638822629667e-23,1.13081207656533e-06
1.38778077242862e-08,0.999999269154533,8.4804767336285e-24,7.16967659624644e-07
7.06937786993763e-09,0.999999886982806,9.81735709114902e-25,1.05947815841549e-07
3.95931403179103e-08,0.999947891837672,4.17758059635685e-19,5.20685691878734e-05
5.61980077936535e-08,0.999999885687866,7.18031920449848e-30,5.81141264928251e-08
6.84777376497209e-09,0.999999760771061,4.52309224722921e-23,2.32381164848817e-07
1.07743181550554e-07,0.99989954171847,4.13851132603686e-22,0.000100350538348082
2.38368967570211e-08,0.999999772078394,6.57286274940884e-27,2.04084708904075e-07
4.30828438559405e-08,0.999999818718674,1.71999845266581e-28,1.38198482529635e-07
1.60612513721418e-08,0.99999945872188,1.00521960841707e-24,5.25216868240881e-07
9.90599649867139e-07,0.999994020264907,1.14873527590661e-29,4.98913544321769e-06
5.88903581827454e-08,0.999849436828285,7.41277114041407e-19,0.000150504281356685
4.82257905663279e-06,0.999554845257766,2.59432000111205e-27,0.000440332163177571
2.0011094262743e-07,0.999990874903818,1.63872375344918e-26,8.92498523923904e-06
2.65722647162853e-08,0.999997758551272,5.53605509881167e-24,2.21487646356313e-06
3.69462086996123e-08,0.99996095839372,4.78490494102526e-18,3.90046600708947e-05
3.04523758973332e-07,0.99687316136887,1.0346183245261e-19,0.00312653410737139
6.60260774359363e-07,0.999997949451616,2.25533383222154e-30,1.39028760985112e-06
1.40355024735572e-07,0.99999595715409,7.89784101039436e-27,3.9024908852068e-06
3.25652914419721e-08,0.999999245461864,5.32811632797483e-26,7.21972844106758e-07
2.38241338173276e-08,0.999998770598625,1.41107375681402e-24,1.20557724082728e-06
8.48227422554181e-09,0.999999806094036,2.05464322422825e-24,1.8542368966698e-07
1.22075198972355e-08,0.999999571321807,2.83536057518937e-24,4.16470673416554e-07
2.05524742155761e-08,0.99999837311709,9.85182429452825e-24,1.6063304360388e-06
8.52745420006249e-08,0.999982169462691,5.67890280242177e-24,1.77452627672317e-05
5.46035152713911e-09,0.99999987896998,1.64695306307411e-23,1.15569668376877e-07
3.13690692548011e-19,6.63866125232706e-57,1,2.74219069784917e-19
6.89761637140171e-06,1.13111533731765e-22,0.999993100620837,1.76279176941726e-09
2.94525919660142e-18,2.95264410495105e-61,1,4.64352116524183e-19
2.86792097634831e-12,3.27701879295936e-45,0.999999999997125,7.02842310235606e-15
1.95712713450662e-17,9.67593435836437e-67,1,6.87529749416742e-19
1.87988458153106e-06,6.81058861371066e-45,0.999998120107315,8.1033004391422e-12
2.55106069507377e-16,2.00997116711722e-59,1,6.32603032827121e-18
1.09935399669405e-06,1.09526597141279e-40,0.999998900633846,1.21568740277452e-11
5.59048605775517e-16,3.07978947480905e-59,0.999999999999999,9.84730529406456e-18
2.50646881623409e-15,7.99338042575221e-51,0.999999999999997,7.16444176883284e-17
2.72139562055105e-24,1.82554676123323e-51,1,8.94044880620676e-20
2.91667389295935e-17,4.05363337050029e-52,1,5.96041800746057e-18
6.38233102110917e-12,2.81017339088071e-54,0.999999999993615,2.72303925856289e-15
1.23356789078469e-05,6.86449298879908e-39,0.999987664262672,5.8420323454668e-11
7.00464854476351e-14,8.84264745933461e-57,0.99999999999993,1.77473429383235e-16
2.97479454696086e-17,7.30455393328735e-37,1,3.52120643602173e-16
3.0227847384442e-12,3.22907835330817e-44,0.999999999996969,8.59470221322238e-15
7.00577570202393e-13,7.005253292578e-65,0.999999999999299,2.45326894989828e-16
1.00027866516102e-09,4.66733066443457e-35,0.999999998998716,1.00531170980237e-12
8.85884247226783e-08,4.20035374400071e-50,0.999999911410816,7.59711436383022e-13
2.81363464983491e-08,2.70311309703359e-54,0.999999971863413,2.39979162721021e-13
1.39100740361896e-10,1.72678402792568e-40,0.999999999860777,1.2214137897599e-13
4.49576770344779e-17,9.61510059971313e-43,1,6.96395424850552e-17
2.88740160283089e-13,3.51616357769036e-39,0.999999999999704,7.17274882659413e-15
3.92010281521128e-16,1.12356348824882e-56,1,1.13859292917771e-17
8.88438655369336e-06,2.03611381181923e-28,0.99999111517595,4.3749670665259e-10
1.24148770243567e-16,1.19210087969576e-40,1,1.83478302832402e-16
6.33106129389576e-17,2.93970897339988e-49,1,1.50373249349551e-17
7.33695891948045e-20,1.61528222786494e-57,1,1.22324586523452e-19
1.84239647649354e-15,1.19615524548291e-52,0.999999999999998,4.58878093529109e-17
2.5279678334757e-07,1.05097510850083e-41,0.999999747198463,4.75365102032206e-12
2.02558543667844e-07,2.306845473273e-38,0.999999797433748,7.70870033760061e-12
2.12185719309705e-13,2.20009907270915e-59,0.999999999999788,2.333171125228e-16
1.29766612040987e-16,2.47630971201221e-60,1,3.93582594608545e-18
2.25474061574964e-07,7.76246699143711e-57,0.999999774525393,5.45536440011411e-13
2.21705792125852e-05,6.28680762480469e-47,0.999977829398732,2.20558577600708e-11
2.49091931486333e-12,8.3750500741739e-40,0.999999999997491,1.81337159292339e-14
2.40665391213161e-11,1.01901974001587e-33,0.999999999975718,2.15836546584936e-13
3.71176945102874e-15,1.46513139321165e-49,0.999999999999996,1.07989797184702e-16
1.23390302985079e-15,1.61038922691186e-45,0.999999999999999,1.33378354664207e-16
5.91733655113373e-18,2.39542711657186e-48,1,6.7070237409954e-18
1.08203546596162e-14,2.04476176797678e-62,0.999999999999989,3.32466635034425e-17
4.0740623754283e-10,2.86474706289081e-45,0.999999999592502,9.18054538585211e-14
1.61657504148963e-13,3.10073803974112e-37,0.99999999999983,8.59150232795167e-15
9.61674858436481e-16,1.69960899288013e-47,0.999999999999999,7.91411894734764e-17
7.28587638571978e-13,5.35912264204011e-42,0.999999999999265,6.2866320842382e-15
5.32667520464844e-18,7.57833988737831e-61,1,6.70527889843496e-19
9.73903460576449e-16,4.65612011372242e-58,0.999999999999999,1.53849522385881e-17
2.31920680519535e-18,5.06107184494159e-51,1,2.3209742108083e-18
1.3467610335391e-09,8.45271602732316e-45,0.999999998653054,1.85113516622992e-13
3.96271281667064e-15,1.61362236846767e-56,0.999999999999996,3.9737333900805e-17
1.03832216535226e-11,2.0637463465573e-41,0.99999999998959,2.7149582820188e-14
6.55809742000328e-16,4.49635245199384e-52,0.999999999999999,2.92826331290432e-17
2.87156284128299e-21,3.34464349168409e-65,1,7.16801100296729e-21
9.51831283867881e-15,8.57165229334159e-60,0.99999999999999,4.19875466612032e-17
1.1768891672432e-15,5.59356455588801e-40,0.999999999999998,5.08611994567839e-16
3.03442691152799e-17,4.57638221547089e-41,1,1.02230340727044e-16
8.60644515211205e-15,9.29211032933864e-66,0.999999999999991,2.0622180651965e-17
1.45377091472655e-06,2.94932401334506e-30,0.999998546114563,1.1452248954457e-10
2.20693059164925e-06,7.38424980958349e-50,0.999997793065073,4.33586488530837e-12
3.58153803472429e-12,4.15815552350292e-47,0.999999999996413,5.7427371968729e-15
1.82252602158302e-12,4.47934019952458e-42,0.999999999998168,9.85207127289894e-15
3.14641719148341e-12,2.41105540751872e-48,0.999999999996849,4.40428633908409e-15
1.08222956779166e-20,1.67217669029219e-67,1,1.10052592980237e-20
3.10982883376744e-23,1.16859568747172e-65,1,7.25631394203796e-22
1.54898467459466e-16,3.05477634461854e-54,1,9.88797154153772e-18
0.00149376624846109,5.62597439994314e-39,0.998506233058262,6.93276926702272e-10
4.55698273644458e-18,6.87874240661506e-63,1,4.80371802905194e-19
2.49037364369193e-05,2.54968673781307e-23,0.999975093528605,2.73495828590107e-09
7.25923363469762e-09,2.50405636783672e-30,0.999999992732699,8.06741236321956e-12
3.55811261783243e-24,1.40255637118173e-67,1,1.91415563102054e-22
6.88155033803046e-11,8.52115584923268e-45,0.999999999931145,3.92954284884522e-14
6.72715954922896e-13,8.07511302666317e-30,0.999999999999215,1.12387580843758e-13
1.39184686394769e-24,6.73564678099259e-45,1,5.43266845679511e-19
5.9510570057679e-14,1.63635311339554e-65,0.99999999999994,6.038356895418e-17
4.74423045014492e-21,2.51013726706047e-53,1,1.52612571442069e-19
3.76315927589237e-24,2.32965458956296e-58,1,5.66339251697405e-21
1.62584275288019e-15,5.87615865736236e-53,0.999999999999998,4.10214885633449e-17
2.26413977666191e-18,1.28800775617281e-69,1,1.59580763678599e-19
1.89808264410863e-15,1.07645946793562e-52,0.999999999999998,4.62865876765033e-17
1.56206288141519e-16,2.26414540979716e-44,1,7.00805741059001e-17
2.84825965700997e-11,3.87353334844084e-37,0.99999999997141,1.07570466768169e-13
3.85220015209995e-11,1.22499305664048e-43,0.999999999961443,3.54788979175509e-14
1.75464143192391e-08,6.95813922474877e-37,0.999999982450655,2.93069117463224e-12
1.7559808853814e-09,4.11447570786181e-45,0.999999998243817,2.02075769270294e-13
6.84163800737822e-26,1.40963582094191e-55,1,1.07775328936743e-20
1.32809669520559e-10,2.72723732009397e-44,0.99999999986713,6.02574766718325e-14
1.80086500019997e-18,1.40925575493244e-52,1,1.45516268374449e-18
2.36406731122522e-09,1.71548044020673e-39,0.999999997635301,6.31662582520564e-13
1.7759694479824e-10,3.43295872842201e-42,0.999999999822302,1.01137851131014e-13
3.39447350465602e-16,2.43701434680718e-49,1,3.33884301333541e-17
1.0272379526583e-17,6.09413547202143e-51,1,4.54655891943381e-18
2.73739500481962e-16,2.24794813781182e-53,1,1.51806366856345e-17
1.16696242009957e-09,5.70315132016495e-48,0.999999998832933,1.0440843152284e-13
7.99284942988427e-18,9.29196233197581e-46,1,1.57104165757453e-17
7.306289845816e-15,1.21067010707551e-64,0.999999999999993,2.11567885591782e-17
6.60100282507165e-25,4.72620649572835e-60,1,2.15899662974212e-21
3.16754357751576e-20,5.36080983110999e-63,1,3.36773956879496e-20
1.71790539583105e-18,1.87370719490907e-67,1,1.7084909357073e-19
1.36855210795167e-10,2.12137833181414e-42,0.99999999986306,8.51406926149095e-14
3.00511968153982e-11,2.5308271912992e-41,0.999999999969901,4.75564182701203e-14
7.97969549119369e-08,9.138195714159e-58,0.999999920202764,2.81219996301742e-13
0.49010714118899,3.7040547372621e-32,0.509892821945379,3.68656313423986e-08
3.06186937804957e-17,3.65811876845895e-60,1,1.85775915392446e-18
5.79127428038531e-10,9.29377603580024e-35,0.999999999420056,8.16310962940727e-13
1.97446985439891e-11,1.58104106891155e-51,0.999999999980248,7.21773570823734e-15
1.29981713679515e-05,2.10940492965735e-28,0.999987001297837,5.30795091295858e-10
2.49707069615056e-13,6.55725387132009e-51,0.99999999999975,7.85488024190449e-16
7.13525553432503e-08,1.52440760708026e-38,0.999999928643089,4.35607977493214e-12
5.22790542454381e-12,3.48183669665517e-44,0.999999999994761,1.14699762012349e-14
9.42492926594521e-06,2.27603978985957e-32,0.999990574887829,1.82905382174416e-10
0.0171341002516672,1.57987104914823e-45,0.982865898846474,9.01858645736295e-10
1.15477289167694e-08,2.68872991084797e-31,0.999999988444237,8.03361909107397e-12
2.30435166702004e-12,1.47615091834625e-52,0.999999999997694,2.00193357130774e-15
1.78614416238568e-12,1.87520779410023e-45,0.999999999998209,5.27457313329573e-15
5.44460609389996e-11,1.05624208684183e-48,0.999999999945535,1.862622027701e-14
2.93685177320754e-14,3.65748668915961e-46,0.99999999999997,5.62917967904082e-16
1.92943046920718e-14,1.98895738192062e-65,0.999999999999981,3.30433175120576e-17
3.41549216792712e-22,1.86915741653191e-53,1,8.70725917540214e-20
6.38804670184692e-14,9.17822370232063e-48,0.999999999999935,6.34418492923169e-16
1.37882277568975e-13,9.12216317134928e-54,0.999999999999862,3.80265781023121e-16
4.01743785269894e-12,1.28416987851986e-32,0.999999999995862,1.20790391496498e-13
9.8242388783947e-15,5.8902830492063e-48,0.99999999999999,2.34076908325124e-16
4.92478734865541e-15,7.38461309603748e-58,0.999999999999995,3.74812636974201e-17
3.55442744360553e-12,2.14371885279189e-38,0.999999999996416,2.91252537265777e-14
2.80063508698371e-18,3.2800290403859e-58,1,6.79755314916934e-19
2.83815970036286e-13,4.03855321169635e-48,0.999999999999715,1.2979483905874e-15
8.76939643098876e-15,8.29665772756108e-47,0.999999999999991,2.71224691628501e-16
8.21911524084925e-21,2.10558619566013e-60,1,2.54409574194513e-20
0.000242864951511819,1.1513833763281e-32,0.999757134154087,8.94401301945066e-10
2.23347619257851e-05,5.26152110578614e-39,0.999977665160233,7.78409264758134e-11
3.09115802548539e-06,5.66606623131295e-59,0.999996908840188,1.78693586162647e-12
2.89673476091601e-08,1.37923027962177e-41,0.999999971031078,1.57417205999794e-12
2.7404103038996e-07,5.32721832061119e-33,0.999999725932311,2.6658873274599e-11
1.01522252329042e-08,3.54022965461942e-44,0.999999989847186,5.88604131032191e-13
1.49955522829937e-14,2.37806191766446e-42,0.999999999999984,8.63520805983588e-16
1.52552935576836e-12,1.87414296935178e-44,0.999999999998469,5.79265179427232e-15
9.94784711248036e-11,5.41318260688943e-39,0.999999999900384,1.37679478330962e-13
3.4082247671264e-14,8.14112739075915e-46,0.999999999999965,6.46874242021526e-16
4.9500192664935e-14,1.10434761870558e-53,0.99999999999995,2.23565608741007e-16
5.79251576541752e-14,1.53800568006056e-45,0.999999999999941,8.90951846797161e-16
1.31702406378754e-22,1.54815825541109e-52,1,1.08472234236652e-19
1.91995080557048e-11,1.98713777279846e-39,0.999999999980746,5.4750709885944e-14
2.6708440600429e-18,2.75245105408239e-47,1,6.86031720184445e-18
1.05027209523191e-20,3.43680573319082e-73,1,6.0819123345092e-21
3.8989541123525e-10,8.99041267711678e-44,0.999999999609989,1.15213604147807e-13
1.11425735566879e-09,1.08863444262634e-34,0.999999998884592,1.1504376360739e-12
3.99013145361647e-20,1.00729781512263e-58,1,7.32033774172613e-20
8.37617752256957e-14,8.86314259169961e-55,0.999999999999916,2.54066838284263e-16
0.000159619186647638,6.59053307057731e-34,0.999840380253035,5.60317504913301e-10
1.64805224192186e-14,1.1399132874941e-49,0.999999999999983,2.29443320019661e-16
8.5427631213327e-13,7.63757032089124e-46,0.999999999999142,3.36648261606526e-15
6.6499925942674e-16,7.09474160774817e-31,0.999999999999995,4.67535434172974e-15
2.91875925169566e-07,1.08962317668588e-45,0.99999970812138,2.69500119772269e-12
0.000168305347749427,1.04560379479875e-34,0.999831694161065,4.9118529985108e-10
5.55528934995113e-14,6.81594412362844e-44,0.999999999999943,1.19051423108735e-15
6.96381995449208e-08,1.80736444988467e-24,0.999999930247209,1.14591960519549e-10
7.98580926990171e-17,7.01875161589825e-50,1,1.48304541926561e-17
1.26411539846181e-25,3.93560631823782e-76,1,9.90177697863637e-24
6.50994057171564e-06,1.23124477808985e-57,0.999993490056356,3.07198175508276e-12
1.08040899755925e-10,2.49224547301135e-46,0.99999999989192,3.86304298794348e-14
1.38761041617686e-14,5.69761137151664e-52,0.999999999999986,1.4655723248347e-16
1.69459257011066e-14,1.54914243496315e-41,0.999999999999982,1.09669745669508e-15
3.22479583302851e-09,3.80698912620792e-34,0.999999996772993,2.21125060178106e-12
6.30165551473464e-10,1.69121855289014e-38,0.999999999369445,3.89081651863688e-13
5.80923827380063e-19,1.28089223610381e-45,1,7.65874149716774e-18
2.40963771281749e-20,3.18716573285362e-41,1,1.51623380907293e-17
1.00073925901356e-14,7.00752475348992e-59,0.99999999999999,4.81801055503432e-17
1.09596243209364e-13,1.09495251370117e-60,0.99999999999989,1.40629121114514e-16
8.95207025777145e-21,3.48466976477142e-63,1,1.70170511802443e-20
2.58594518879885e-06,3.87705455859887e-54,0.999997414052051,2.75976934652627e-12
2.52945985148978e-11,8.92298372525006e-55,0.9999999999747,5.31719836393164e-15
7.89959980095973e-12,7.87942359829932e-36,0.999999999992024,7.63676103567782e-14
6.14356140093099e-14,2.32137943077119e-44,0.999999999999937,1.1440157542953e-15
1.94439402802733e-20,7.42070265841716e-48,1,1.60232220639981e-18
1.13274010479618e-15,9.00313139761591e-50,0.999999999999999,5.67146855630706e-17
1.53062096364828e-19,2.02989863969999e-44,1,8.45933493913618e-18
0.00423057445282279,1.18556271836946e-43,0.995769424980274,5.66903017328722e-10
5.58117026327652e-07,8.73196098891371e-41,0.999999441874569,8.40480713800497e-12
2.31413030042934e-09,1.36606332695641e-45,0.999999997685654,2.16170108857133e-13
0.00202145261891942,3.82191932384505e-30,0.997978542898278,4.48280231221196e-09
9.24701620141903e-12,3.21937972965891e-35,0.999999999990658,9.50250744229049e-14
5.23639145423619e-09,1.27091058838858e-34,0.999999994761066,2.54241485370257e-12
8.87067969059282e-05,2.34573227989025e-31,0.999911292494731,7.08363522249737e-10
2.78691519307107e-12,2.75045990341269e-48,0.999999999997209,4.17038084585336e-15
1.07225456955095e-17,1.71146025582673e-53,1,2.84293494896378e-18
2.1312555583598e-09,5.70683648082087e-31,0.999999997864977,3.76776785141794e-12
6.82305294587089e-10,1.74338920973677e-48,0.999999999317622,7.28691927280581e-14
2.9787030711528e-16,7.26885144024902e-51,1,2.38286973546005e-17
5.43868879843309e-13,3.43772482494183e-62,0.999999999999456,2.82462661730613e-16
1.75615505094091e-14,3.38659181309586e-47,0.999999999999982,3.59935320265391e-16
1.65031113853019e-21,2.84723684830902e-69,1,3.29365758818527e-21
1.05942867011662e-13,6.14508196715545e-50,0.999999999999894,5.80836875207843e-16
1.20595597796069e-10,1.46562348310712e-44,0.99999999987935,5.4749729069444e-14
1.80378658918883e-18,3.49105040379091e-50,1,2.59524400168211e-18
1.59639596098237e-05,4.44196224950838e-49,0.999984036026611,1.37789217085936e-11
1.59798489609971e-14,4.54901949752397e-47,0.999999999999984,3.50888436660412e-16
3.22591892810104e-19,4.47256237681414e-45,1,8.00375219653746e-18
4.4300095480733e-11,2.6572716350871e-57,0.999999999955695,5.25191919983354e-15
6.55001443148168e-18,9.56422530020514e-52,1,3.12350673653674e-18
1.13071565152299e-15,2.38105947685536e-19,1.09777770326807e-18,0.999999999999999
7.7606738843943e-10,9.03836765066347e-09,1.54699873061449e-20,0.999999990185565
6.69514690536835e-10,3.28026653250998e-10,1.06783477519767e-22,0.999999999002459
4.83956553306616e-10,3.09779861322685e-09,1.18260480282861e-20,0.999999996418245
9.08106230558198e-10,7.62175616031675e-09,6.7337000202529e-21,0.999999991470138
3.83815663038681e-17,7.27183475355684e-20,1.37305136777016e-14,0.999999999999986
1.3337278044104e-11,6.74926634969139e-13,1.43260254643283e-21,0.999999999985988
1.66677692795796e-10,1.34058575157222e-10,2.05670770224829e-21,0.999999999699264
3.81353529615798e-11,4.55810588025135e-12,1.03576015040752e-21,0.999999999957307
4.59532462968749e-12,1.83205695555e-16,3.42296112042016e-25,0.999999999995405
5.69697083459752e-11,2.42460867234777e-12,1.16501454938505e-22,0.999999999940606
1.36975641683398e-08,1.40225472459835e-06,6.60729797930997e-21,0.999998584047711
1.30587550934895e-12,5.07254557398831e-17,2.05380121472871e-24,0.999999999998694
1.650344797543e-11,9.55764636252692e-14,4.22803113586889e-23,0.999999999983401
1.23640171142011e-10,4.15940074932389e-11,8.21451595556991e-22,0.999999999834766
1.84930615063755e-10,1.04006049798755e-10,9.82537317578089e-22,0.999999999711063
3.65809122108442e-08,5.52790301613347e-06,2.66051740393711e-21,0.999994435516072
4.43927409099132e-10,1.81329057687492e-08,4.10855484335958e-19,0.999999981423167
6.84040475050488e-17,1.76065311980162e-18,8.16202808205549e-13,0.999999999999184
2.46705549596244e-08,2.49546698452303e-06,2.45304745136822e-21,0.99999747986246
4.22046808880979e-07,0.00401374681330127,1.61088088079851e-19,0.99598583113989
2.74796805677292e-11,3.09709330656313e-13,5.07421821153832e-23,0.999999999972211
8.63512369720267e-13,2.17951071959167e-13,1.74680583789135e-18,0.999999999998919
1.75768352487703e-08,3.28838306774784e-05,1.54899723100698e-18,0.999967098592487
6.52954806773814e-10,2.51943779021586e-10,7.69112423596972e-23,0.999999999095101
7.16010609317648e-12,4.69382658313552e-14,1.79359336480443e-22,0.999999999992793
4.1821430875731e-12,9.77323476254171e-16,3.9454922143983e-24,0.999999999995817
2.02469150170744e-12,7.09571067100918e-11,1.0160414352468e-14,0.999999999927008
8.41817551065521e-10,1.99126481435867e-08,4.83998615331628e-20,0.999999979245534
1.81308549837517e-19,3.19966409493164e-24,5.62972109997014e-14,0.999999999999944
4.38962979383801e-09,8.6858277925451e-07,1.62715777435597e-19,0.999999127027591
1.1558850196072e-06,0.0314758395811868,2.62511819971159e-19,0.968523004533794
1.84309248125194e-11,1.91818079709296e-13,8.2870896761256e-23,0.999999999981377
3.34577454292779e-15,3.58364108047377e-25,2.4483669520688e-27,0.999999999999997
2.8338870069767e-20,1.93100478975618e-29,5.49115315550242e-19,1
7.0190472131242e-11,1.8610820981359e-11,1.37711830176701e-21,0.999999999911199
3.20395890545909e-10,2.35601913138218e-10,6.33627690277507e-22,0.999999999444002
2.80884411448406e-09,1.20271966514013e-07,1.88375863744468e-20,0.999999876919189
1.3510164956712e-07,0.000434669125688804,1.18023511791559e-19,0.999565195772662
2.23601410936109e-10,8.54212721935815e-11,3.96655928269808e-22,0.999999999690977
1.49069204153619e-08,6.57028116860838e-07,1.27573959130493e-21,0.999999328064963
5.49720528402634e-15,7.86191843460823e-19,4.9054542389053e-20,0.999999999999994
7.06309040020563e-11,1.07299084585542e-11,5.72136457937232e-22,0.999999999918639
1.9377346387502e-11,6.99543448369082e-09,4.46772570919386e-14,0.999999992985144
1.75501207045434e-09,7.71172670733555e-09,7.81598696420763e-22,0.999999990533261
2.17228929836308e-09,5.19399983059129e-08,1.00851166224811e-20,0.999999945887712
1.32647937541255e-15,1.60591852035009e-25,1.02142335676055e-26,0.999999999999999
4.55356434152003e-17,1.1065173243665e-20,2.91758136524051e-16,1
4.49312142809366e-09,9.68109034136312e-07,1.8520921387371e-19,0.999999027397844
9.07932519047007e-12,1.34805237216529e-13,4.11756400741521e-22,0.999999999990786
1.42939018597516e-12,1.8982995829773e-11,1.92213079545081e-15,0.999999999979586
4.55388378354867e-09,1.05694033023711e-06,2.10070951270219e-19,0.999998938505786
9.40972717263701e-11,2.27751925170966e-11,7.527169810414e-22,0.999999999883127
7.44176548832489e-09,2.26664822901044e-06,1.52392434139422e-19,0.999997725910006
5.22940656214331e-09,2.03709001194863e-07,5.65122254221041e-21,0.999999791061592
2.92366071588436e-18,2.33908378653707e-23,1.37649057717621e-16,1
1.22995592337494e-11,1.50982527065929e-14,7.53834085006723e-24,0.999999999987685
8.77873661659259e-16,3.9282285944862e-19,5.30987002653323e-18,0.999999999999999
4.73389571413019e-07,0.0108490986102853,1.02491894112175e-18,0.989150428000143
2.54773925147864e-15,1.16742105825776e-17,3.86675760046228e-17,0.999999999999997
1.18991734611307e-10,9.78634747004262e-10,1.95327082687593e-19,0.999999998902374
6.67236783999206e-10,7.65781276910922e-09,1.93732569189268e-20,0.999999991674951
1.34540570637252e-09,5.93401196234154e-08,6.93126311563403e-20,0.999999939314475
1.69332264045586e-09,6.68226488173401e-09,6.93020765070981e-22,0.999999991624413
7.36167121317784e-13,2.38700814842336e-14,7.32752645960576e-20,0.99999999999924
2.28427604500252e-17,6.67904196173766e-24,4.73871871270821e-20,1
1.02773124105033e-09,1.83930981842e-08,2.08448688270212e-20,0.99999998057917
5.30577814153435e-08,3.1617831629254e-05,1.90130634556101e-20,0.999968329110589
2.8340017366859e-11,4.06684913895641e-12,2.198415606687e-21,0.999999999967593
1.18007742541138e-10,9.97398680398348e-12,1.06213713024874e-22,0.999999999872018
5.31707608635236e-23,3.55532332033571e-33,5.0053390261359e-16,1
3.00770809467193e-09,4.48328623466277e-07,1.80174606502546e-19,0.999999548663668
1.29009823073756e-10,7.72254226839541e-09,8.40747078500337e-18,0.999999992148448
5.31077419290509e-13,8.24739930862637e-18,2.33941360206235e-24,0.999999999999469
8.95928745190653e-11,2.10813977135655e-11,7.77836538619319e-22,0.999999999889326
7.40722866517525e-12,1.09803133843065e-14,2.07864286886566e-23,0.999999999992582
1.81788974300484e-09,8.84268879979857e-09,8.74318363883033e-22,0.999999989339421
4.00485142866131e-10,1.24865553910455e-09,4.70950416789338e-21,0.999999998350859
4.84827705564955e-14,1.62186169739965e-20,6.16875920122902e-25,0.999999999999952
7.05629795016054e-10,1.2141970455549e-09,7.14355040512144e-22,0.999999998080173
5.57533738840129e-08,3.19393087439303e-05,1.6171647524907e-20,0.999968004937882
4.36760240794815e-16,3.27340528245543e-23,9.50281208124618e-23,1
5.08906315187648e-12,8.27932548408344e-16,1.83137574312532e-24,0.99999999999491
6.71769560302661e-10,6.89468808533163e-09,1.57199698141778e-20,0.999999992433542
1.3267483069714e-19,8.76102486227579e-24,9.85623273391188e-13,0.999999999999014
1.90757227061956e-10,6.44614781832381e-11,4.19666227705688e-22,0.999999999744781
5.78551328233319e-09,1.54932469392946e-07,2.47218796095515e-21,0.999999839282017
3.50338858232962e-12,7.78228012970433e-11,1.03811667819689e-15,0.999999999918673
7.17641988212995e-13,4.89182786653702e-17,1.03365613835894e-23,0.999999999999282
2.29637691795924e-09,3.25627628932557e-08,3.67442585352954e-21,0.99999996514086
6.50177856143547e-11,3.48303207729188e-12,1.33953894373354e-22,0.999999999931499
1.46051403876819e-11,7.1046513196461e-14,3.96803853348005e-23,0.999999999985324
1.20645685717001e-08,4.72581487957369e-06,1.07953282871701e-19,0.999995262120552
1.44134353598489e-12,5.78039408187906e-16,3.97659343249065e-23,0.999999999998558
1.53113775104957e-09,2.84664226124253e-06,2.16560261752371e-16,0.999997151826601
1.84687753434634e-12,4.03453445317654e-15,2.92885370805301e-22,0.999999999998149
2.49888582879528e-14,1.22083274353626e-13,9.80983338289758e-13,0.999999999998872
8.07451586487217e-17,2.87539996929092e-23,8.83999679134352e-21,1
5.58365910099194e-12,5.41084438884316e-15,1.76272717289278e-23,0.999999999994411
5.86886377409812e-08,3.44373066080229e-05,1.55276245141263e-20,0.999965504004754
6.71473652412244e-10,2.56539327532817e-09,2.87607853038702e-21,0.999999996763133
1.33228461607274e-09,2.95607271793713e-09,3.96210890072386e-22,0.999999995711643
2.20324132071823e-09,8.71592667607594e-09,4.59242309725924e-22,0.999999989080832
2.55819368683186e-09,1.65284773798487e-05,2.8742845981989e-15,0.999983468964424
1.28679068686941e-11,1.91500063171131e-13,2.41545911746392e-22,0.999999999986941
6.50973369012718e-10,1.76994651574353e-09,1.71542540579406e-21,0.99999999757908
1.49214468815046e-16,3.57683255725609e-18,1.48968085596595e-13,0.999999999999851
6.27936155608726e-10,3.78566151442297e-10,1.62510406694661e-22,0.999999998993498
2.93059702782742e-10,6.58470594683368e-11,1.15179515306653e-22,0.999999999641093
1.14771145115618e-13,6.03681998410977e-14,2.48942116036089e-16,0.999999999999825
7.12733205131492e-10,2.12897658091417e-09,1.73398560643953e-21,0.99999999715829
7.83847962509608e-11,1.26549923945842e-12,1.75324464249174e-23,0.99999999992035
2.67541881108198e-10,5.70183821370149e-10,4.77842225420107e-21,0.999999999162274
2.86803014230919e-08,8.68320751070818e-06,1.45862893371654e-20,0.999991288112188
1.23701835461518e-15,2.12519834585981e-20,2.49604668564417e-20,0.999999999999999
1.37026009611663e-11,1.3277433471103e-13,1.17315409701193e-22,0.999999999986165
3.97628013939875e-14,4.22751305317521e-20,3.43182437005384e-24,0.99999999999996
1.49648440362942e-09,5.31335466040237e-08,3.85898006228992e-20,0.999999945369969
8.55710711332795e-07,0.954952728886468,1.61221605005697e-18,0.0450464154028202
3.57675503541624e-19,5.74764892899252e-22,8.33775933850781e-11,0.999999999916622
1.30263730999126e-09,6.78328579081668e-09,1.66668730472687e-21,0.999999991914077
1.40556470247316e-11,1.06768473104524e-13,7.94367610541298e-23,0.999999999985838
1.340209509337e-11,1.08534631407113e-14,3.77076175932555e-24,0.999999999986587
1.45789861653662e-10,1.04867020345264e-10,2.12497925560688e-21,0.999999999749343
8.88907194946766e-10,1.99976571432125e-09,7.66276243925965e-22,0.999999997111327
2.02302960797329e-15,1.26064872056167e-23,5.04315301954371e-25,0.999999999999998
3.10620113313494e-08,2.20895874028469e-05,6.8448893853192e-20,0.999977879350586
1.90237811796069e-10,2.3233403271216e-11,8.88347310365464e-23,0.999999999786529
5.05960717319018e-12,3.00854919937652e-14,2.6490966846133e-22,0.99999999999491
5.40779319116353e-11,2.39126543969754e-11,4.72030988415695e-21,0.999999999922009
1.13831259595787e-09,2.22668227734295e-09,4.1399273483754e-22,0.999999996635005
6.73405080428837e-10,5.19648471475236e-09,9.50401971354571e-21,0.99999999413011
4.00695392203168e-12,1.14637216854515e-12,1.61786510109418e-19,0.999999999994847
8.41347012535196e-15,1.43968204605065e-22,2.15215494984913e-25,0.999999999999992
1.79775565328597e-10,1.82473645576924e-10,2.66048501224522e-21,0.999999999637751
7.9418204312074e-11,2.60414496136516e-12,4.78704474345165e-23,0.999999999917978
7.69726995737302e-11,1.60679950569684e-12,2.60582411808902e-23,0.99999999992142
2.56197968060618e-13,3.06581522620332e-15,8.37803257122409e-20,0.999999999999741
3.72994919874521e-11,1.37185456001424e-12,1.79513709998535e-22,0.999999999961329
8.98016372629638e-14,9.72702073444093e-14,1.74184923697025e-15,0.999999999999811
1.1107928622943e-11,1.08946483063863e-14,6.45207495194065e-24,0.999999999988881
4.07983215203938e-12,5.41335298118831e-15,4.35647656012984e-23,0.999999999995915
7.07120491526799e-11,7.15826303327012e-12,3.06711240197759e-22,0.99999999992213
2.52814417602997e-11,1.20893216433008e-10,1.04596013414719e-18,0.999999999853825
1.47468067881086e-09,9.62726636499789e-09,1.99715728234778e-21,0.999999988898053
1.19703603377926e-16,6.27251683763021e-19,1.12571900210461e-14,0.999999999999989
1.40897664922455e-13,4.06836531130589e-19,1.90445433925494e-24,0.999999999999859
2.81095101198464e-09,5.8059846606979e-08,5.09104385922313e-21,0.999999939129202
1.47510572451037e-10,6.44690606850893e-11,9.40357943737269e-22,0.99999999978802
5.83348538220152e-13,1.10289212674583e-14,4.53924276601541e-20,0.999999999999406
6.01026286619352e-10,4.24867588118248e-10,2.22958948267501e-22,0.999999998974106
2.50568755934557e-08,7.36158990955346e-06,1.73157572734759e-20,0.999992613353215
1.77035839390383e-11,1.50605297073786e-11,8.71369126541506e-20,0.999999999967236
1.62037252620773e-10,9.54164211818074e-11,1.30269955371322e-21,0.999999999742546
2.46867424694878e-09,1.70424254683427e-08,9.61790951962098e-22,0.9999999804889
2.47125647832392e-15,1.09573958104556e-25,1.41829076286086e-27,0.999999999999998
3.4752666931694e-12,9.06377517011977e-11,1.54591562134858e-15,0.999999999905886
1.66948171916671e-09,9.62859535048675e-09,1.32938869933443e-21,0.999999988701923
5.53955995900682e-14,7.22508557845953e-15,6.51035842878324e-17,0.999999999999937
3.45027366085493e-21,5.16594741958288e-27,1.01089032926482e-12,0.999999999998989
1.94242420699992e-11,3.5941192393421e-13,1.76905942594998e-22,0.999999999980216
1.43100037169997e-11,9.15930242743189e-13,1.84052801282681e-21,0.999999999984774
3.124006701999e-16,7.09611901677095e-19,4.45819417886464e-16,0.999999999999999
6.82875310661114e-08,7.64234952694537e-05,4.33083865600437e-20,0.9999235082172
2.26107960619334e-08,3.86679101990742e-06,7.40199029065123e-21,0.999996110598184
1.92243871146783e-09,6.15872442661823e-09,4.0363487677164e-22,0.999999991918837
6.13157787247058e-09,2.48384309583138e-07,4.66447446433054e-21,0.999999745484112
9.73685675416354e-10,3.22987373120584e-09,1.25342316190154e-21,0.99999999579644
2.27830452597536e-15,2.45734523063003e-16,1.6864660733263e-14,0.999999999999981
3.56552830885111e-14,1.34537488689882e-21,6.98786598226291e-26,0.999999999999964
7.18305777665854e-10,4.04512622938033e-10,1.18811888013304e-22,0.999999998877181
5.68905076030125e-12,4.34363914125133e-15,1.23643206831915e-23,0.999999999994307
1.77306942871381e-10,2.252199746229e-11,1.04966780434322e-22,0.999999999800171
2.91866293705765e-10,5.59103706501543e-10,3.47695786366765e-21,0.99999999914903
5.04849123503591e-09,5.1833844688981e-07,3.56323036727375e-20,0.999999476613062
1.62028259009998e-19,4.22402399320478e-27,4.2028750230107e-18,1
1.98606459279505e-10,2.88037561489081e-10,4.07524122535946e-21,0.999999999513356
2.40056037426329e-09,1.71008982530735e-07,6.35540035949682e-20,0.999999826590457
1.23056953912712e-08,4.74413400649098e-06,1.00963887006284e-19,0.999995243560298
2.17946009712458e-07,0.00121947626437241,1.6614932634708e-19,0.998780305789618
8.15492633572078e-15,3.90219216897716e-17,5.73914574933727e-18,0.999999999999992
2.7377006713225e-11,9.85195098204379e-10,5.317558975848e-17,0.999999998987428
2.05136309031976e-11,8.02288443494615e-13,4.95013313165697e-22,0.999999999978684
1.41051403246843e-11,1.44913801357854e-12,3.93405087134085e-21,0.999999999984446
8.85482220281583e-11,1.29265860844728e-11,3.78483539351273e-22,0.999999999898525
1.30481538791304e-12,9.23968114303933e-17,4.50326813726553e-24,0.999999999998695
8.85223152191962e-08,9.586897851904e-05,2.58065886121318e-20,0.999904042499166
4.91847479984787e-15,1.73128192322123e-15,4.6979970766421e-14,0.999999999999946
1.0620643098323e-14,9.20638574080715e-17,9.83736666999392e-18,0.999999999999989
3.23401106328806e-17,1.16799975374164e-22,8.65069714977277e-19,1
1.20157580256992e-10,7.42266845421315e-11,2.26156059542952e-21,0.999999999805616
9.48143580513325e-10,1.27725892890067e-08,1.43603920992941e-20,0.999999986279267
3.15361147268749e-14,8.5408580463906e-16,1.05906272624234e-17,0.999999999999968
3.97017511955362e-16,6.58018756313082e-18,1.09342216846273e-14,0.999999999999989
5.71928088227033e-08,0.000122107131340082,2.31005921548999e-19,0.999877835675851
1.43008297021839e-06,0.10233259291937,1.59259340945551e-18,0.89766597699766
1.66901470805498e-12,1.35461351966679e-12,4.55240896377189e-18,0.999999999996976
3.67066997617066e-08,6.39091784238036e-05,3.33495216093058e-19,0.999936054114877
1.20104049876162e-11,1.01086979461461e-10,1.18605466264339e-17,0.999999999886903
1.20947709652478e-10,8.62761056855283e-12,7.94213511050036e-23,0.999999999870425
