1.57726414315643e-14,0.999999999999926,6.3422489715122e-15,5.19583361900972e-14
1.11929305545473e-19,1,3.84700832201129e-19,2.17666490228363e-18
2.51520276482425e-16,0.999999999999996,7.5130959128248e-16,3.49472353391513e-15
1.59114167285873e-15,0.999999999999978,3.3983746833901e-15,1.6598620399441e-14
7.27574953340256e-15,0.999999999999961,3.64557598319053e-15,2.82428716331622e-14
1.26116821075107e-18,1,7.6317966400275e-18,3.44174903143711e-17
8.1130597907758e-19,1,3.3916151485098e-18,1.68731687956905e-17
7.19099349461188e-19,1,4.60483132326985e-18,2.0805370040058e-17
2.83978186976297e-17,0.999999999999999,9.91693389565994e-17,4.68501923472138e-16
1.43857290790009e-16,0.999999999999997,5.84858711621234e-16,2.67119149804994e-15
1.10800723466437e-17,1,3.5700899622841e-17,1.77614060556085e-16
7.54221683890388e-16,0.999999999999985,2.62555624922075e-15,1.18388942860433e-14
4.90198515315046e-17,0.999999999999999,4.80292721578542e-17,3.44156224699565e-16
6.16013372177283e-17,0.999999999999999,7.91923537802281e-17,5.1012330262543e-16
4.88604438636944e-17,0.999999999999999,1.30308569782722e-16,6.57743381163365e-16
1.35850753333094e-18,1,3.90014377563609e-18,2.15534018727207e-17
1.92505000919144e-18,1,5.35218969281991e-18,2.95553174605023e-17
3.20537321388575e-16,0.999999999999994,1.05139676995416e-15,4.74707753417569e-15
7.18343590349912e-17,0.999999999999999,2.4879943681153e-16,1.14901188228407e-15
6.53487492554401e-17,0.999999999999999,1.63281506543123e-16,8.34229164593226e-16
7.61697523117368e-16,0.999999999999994,6.67439888168337e-16,4.54003759499413e-15
2.19361194226895e-19,1,5.67939793265442e-19,3.4626743687272e-18
5.91296388259503e-15,0.999999999999948,6.74252327586474e-15,3.90929173350737e-14
6.61959797534558e-18,1,2.49217775557874e-17,1.20102993493332e-16
7.47074487626182e-17,0.999999999999999,1.1973788846262e-16,7.08520639158669e-16
7.95372271319494e-18,1,3.25831350059222e-17,1.52539887626725e-16
2.9606357574887e-16,0.999999999999994,1.01850230971567e-15,4.56120368138513e-15
9.50489799425442e-09,0.999999966179027,3.60216267223916e-09,2.07139118936283e-08
2.01522853482306e-17,1,5.0402542690613e-17,2.67126331938812e-16
1.26975439356402e-18,1,6.08041224942665e-18,2.87063784801749e-17
8.14131820600421e-20,1,2.67846274424e-19,1.55535165127294e-18
3.48567569057097e-18,1,7.98053716354355e-18,4.61775746971136e-17
1.26012552286597e-18,1,1.87786879759658e-18,1.31243642065857e-17
4.34023545515794e-17,1,5.11621066914332e-17,3.44119438552521e-16
1.2432121161589e-15,0.999999999999993,5.93163164787801e-16,4.96470808087254e-15
1.70417019825817e-17,1,6.86375493118872e-17,3.16370357240104e-16
1.33619665122367e-21,1,2.37402493814999e-22,4.95862906430126e-21
6.06667634368973e-09,0.999999970666689,3.99683996352577e-09,1.92697943154806e-08
9.96801517032916e-19,1,1.20385498694397e-18,9.16832449893955e-18
5.03633480699394e-19,1,7.82724872051749e-19,5.56739021186035e-18
1.30488592073712e-15,0.999999999999976,3.6385607709749e-15,1.88036249561688e-14
1.14132474358795e-13,0.999999999999357,6.93702931274023e-14,4.59017640177818e-13
7.6157989029983e-16,0.999999999999992,1.17605699162131e-15,6.54211127225334e-15
1.39143467046935e-12,0.999999999995013,3.96279637027896e-13,3.19929916644987e-12
1.02839537920832e-09,0.999999997031508,2.34604905756562e-10,1.70549148390351e-09
7.50389419776375e-19,1,9.68219543311721e-19,7.26982558302755e-18
2.40869434076315e-16,0.999999999999996,6.48064609616958e-16,3.11137183508086e-15
2.15659294214867e-10,0.99999999927067,6.56469704990629e-11,4.48023368847015e-10
3.43116330538034e-21,1,5.06636111751609e-21,4.42881803692039e-20
6.90662409162622e-13,0.999999999995385,6.0097738510515e-13,3.32299157547827e-12
9.44448979229743e-17,0.999999999999999,1.85391917470348e-16,1.014808698969e-15
2.80951093828971e-16,0.999999999999996,5.96833902490674e-16,3.0746876119568e-15
5.3722723223887e-16,0.999999999999989,1.93082068513835e-15,8.72685671243703e-15
6.96945654449355e-18,1,1.15612828459368e-17,7.32019772697039e-17
1.41635780854293e-17,1,2.51264680544141e-17,1.51631982356369e-16
6.43294568612297e-14,0.999999999999636,3.86654694828425e-14,2.61455810197656e-13
1.22834599879778e-16,0.999999999999997,4.87192889231923e-16,2.16899262773038e-15
3.25770964879181e-11,0.999999999856781,1.55257711525437e-11,9.51157382046374e-11
7.15490128263936e-19,1,1.96343347550554e-18,1.12601841907638e-17
2.03105558687979e-17,1,1.43789628146026e-17,1.19893101326033e-16
7.41030864453073e-16,0.999999999999985,2.58155045651895e-15,1.1684223198621e-14
5.30814249245948e-13,0.999999999997028,3.38551196079043e-13,2.10272925082618e-12
2.59114813356545e-17,0.999999999999999,1.12152166787776e-16,5.68754461130995e-16
8.5182776420789e-15,0.999999999999963,2.90398569241623e-15,2.58211261817263e-14
9.9056498364019e-16,0.999999999999981,3.23068033411256e-15,1.43325830640962e-14
9.13325755520595e-18,1,1.44484579497535e-17,9.21901644868345e-17
1.35410689219403e-16,0.999999999999997,4.02008296907793e-16,1.90513356241676e-15
2.63035747810499e-14,0.999999999999842,1.69136200218364e-14,1.1478212246505e-13
8.26703115364276e-17,0.999999999999999,2.27252502911739e-16,1.11821750981509e-15
4.8133145613604e-16,0.999999999999991,1.64652967238427e-15,7.32412783065476e-15
4.40821809000393e-20,1,2.08560537307252e-19,1.09576797726969e-18
2.36392225171531e-12,0.999999999983086,2.39456910952894e-12,1.21554976604562e-11
1.3349809812674e-16,0.999999999999997,4.51903674145132e-16,2.06683142684904e-15
2.55612834393108e-10,0.999999999056749,9.33049104882021e-11,5.94333055294215e-10
1.9995423434123e-15,0.999999999999963,6.34817514143902e-15,2.85322675842603e-14
1.55934053302336e-18,1,4.6193441785627e-18,2.51439404582983e-17
5.65139088996934e-15,0.999999999999956,5.23366177237225e-15,3.27068019895178e-14
1.73582245272888e-16,0.999999999999998,3.44110894356185e-16,1.84144088751268e-15
4.20560819849357e-17,0.999999999999999,1.92225393467336e-16,8.66181746030878e-16
4.39193752191237e-16,0.999999999999995,6.39530482520658e-16,3.69478617623712e-15
5.43495270514508e-17,0.999999999999999,9.20764606169755e-17,5.3996860357046e-16
6.90394844877539e-16,0.999999999999986,2.42252828565548e-15,1.08656059290567e-14
9.18424640749616e-21,1,5.19008559798765e-21,6.31936826706672e-20
3.42332616321895e-19,1,3.44782517915857e-19,2.92312262876124e-18
3.56690380801547e-18,1,1.05724736903002e-17,5.59981242883443e-17
1.41150258893735e-16,0.999999999999998,2.30352198040937e-16,1.32658220248178e-15
4.32124332792979e-16,0.999999999999991,1.54006858724162e-15,6.83998303880857e-15
1.31725973878111e-20,1,3.03883623770822e-20,2.13782415209994e-19
3.1016345110001e-16,0.999999999999994,1.05497240287661e-15,4.73046616086799e-15
8.61560832511839e-16,0.999999999999988,1.9537015676068e-15,9.53161553650016e-15
2.01126183033322e-17,1,3.45607554922051e-17,2.08451967628902e-16
6.64670985655285e-10,0.99999999813145,1.40744731737136e-10,1.06313470925116e-09
1.19203495972269e-16,0.999999999999997,4.94600590467858e-16,2.23913929859407e-15
4.46664851188455e-15,0.999999999999927,1.25786463920155e-14,5.57449934715613e-14
1.1320126027841e-16,0.999999999999997,4.26535423994811e-16,2.13770270341867e-15
4.77886403513779e-18,1,4.75105221673426e-18,3.67545852613631e-17
4.59860232006625e-18,1,2.03816229902271e-17,9.4844071413928e-17
5.39487874327237e-20,1,2.74963967378283e-19,1.40203807386464e-18
7.16923269765012e-16,0.999999999999995,4.59765941534676e-16,3.51327270813173e-15
2.22161173682611e-19,1,5.75407002473749e-19,3.50617111170904e-18
3.36066358765151e-13,0.999999999997863,2.62492280226947e-13,1.53847742979757e-12
6.91603017578552e-17,0.999999999999999,2.2483994405361e-16,1.057571788175e-15
1.35585810505159e-16,0.999999999999998,2.20296945570736e-16,1.27228866911106e-15
1.55023605402492e-18,1,1.43335365644391e-19,2.9132135829266e-18
1.82053464923563e-19,1,1.62304149883505e-19,1.47562072173304e-18
7.64713703015887e-11,0.999999999621905,4.63299588795836e-11,2.55293881480835e-10
2.08921829611867e-14,0.999999999999854,1.71750080459482e-14,1.07492211238812e-13
8.90353860758244e-19,1,3.94750428905035e-18,1.9241363918127e-17
2.13140158530864e-21,1,1.12294725135528e-21,1.4905630974325e-20
9.256518908016e-19,1,1.5723640967334e-18,1.05933462597918e-17
3.44324573405425e-23,1,1.193728597189e-22,9.07278637454547e-22
6.59458086109153e-16,0.999999999999986,2.31761129333372e-15,1.05463530728475e-14
1.22118795230738e-16,0.999999999999999,1.25965015120437e-16,8.58580388768539e-16
1.34141607488325e-16,0.999999999999997,4.07283233894549e-16,1.91812232512642e-15
5.68194623216766e-16,0.99999999999999,1.68294939396512e-15,7.68443247584063e-15
3.20270973140206e-20,1,3.94142660136433e-20,3.38755488371984e-19
1.111060274071e-09,0.999999996080667,3.88510810785881e-10,2.41976162070768e-09
9.5872816705145e-15,0.999999999999929,8.44728006572806e-15,5.28479193480402e-14
3.76504601763913e-18,1,1.82286873156897e-17,8.34618144055362e-17
7.45248911624781e-17,0.999999999999999,2.42997149986949e-16,1.13968905717632e-15
2.63732820835353e-20,1,2.01544822495342e-20,2.09352680188854e-19
1.74919409260583e-18,1,1.02594468019478e-17,4.62171351099536e-17
1.00092479616014e-19,1,1.1100016297226e-19,9.50333549404414e-19
7.70707269928617e-15,0.999999999999887,1.92858181057038e-14,8.64553513330264e-14
1.86696290891472e-15,0.999999999999981,2.6907885600383e-15,1.49053272840575e-14
1.97175053602593e-17,1,8.9014214138899e-17,3.9947836623005e-16
5.87800703640088e-19,1,3.69808537385012e-19,3.67392937513523e-18
5.33920973661992e-17,0.999999999999999,2.043621315477e-16,9.27660136483258e-16
1.0326898635324e-16,0.999999999999998,2.85605257217579e-16,1.39349718214171e-15
1.5014620566696e-17,1,6.035475089141e-17,2.79230770032307e-16
2.63139480168948e-16,0.999999999999994,9.99011361099656e-16,4.62595426277603e-15
1.26603313380177e-15,0.999999999999978,3.80253558522112e-15,1.70043676357689e-14
1.72533927101461e-13,0.999999999998891,1.33969232764197e-13,8.0243512496888e-13
8.01009691826381e-17,0.999999999999998,3.21263036375153e-16,1.43488094182649e-15
8.56790903374487e-24,1,9.40706360980913e-23,5.06953788931992e-22
1.31168368291933e-13,0.999999999999471,4.29940310858547e-14,3.5474776576735e-13
5.20519342042112e-18,1,7.52495809139824e-18,5.05764801159171e-17
3.85065843247095e-16,0.999999999999995,6.52969291914303e-16,3.59362327679647e-15
4.62129907501923e-12,0.999999999982621,1.52086000494102e-12,1.12370776882564e-11
1.24785869673547e-12,0.999999999994769,4.83375061056304e-13,3.4998049794708e-12
6.00151348794284e-17,0.999999999999999,2.01588312866288e-16,9.43200694192641e-16
6.62534738782578e-18,1,3.32771878900324e-17,1.49680547587613e-16
7.40366033232006e-17,0.999999999999999,6.08914352830443e-17,4.58777939529275e-16
1.51205287011336e-16,0.999999999999999,1.68605730304879e-16,1.10921075250208e-15
1.47761649669494e-22,1,2.61908691644667e-23,6.01214527420052e-22
7.44807806400761e-16,0.999999999999985,2.58067532355695e-15,1.15028745090348e-14
4.3111925070177e-17,0.999999999999999,1.2617845269321e-16,6.20805859221986e-16
3.65264312657184e-18,1,1.1440271863482e-17,5.94631664673423e-17
1.41394447942494e-16,0.999999999999997,5.60374680842969e-16,2.49428145616939e-15
3.36364500263013e-20,1,5.43545199869049e-20,4.21022123814487e-19
2.71358661232476e-16,0.999999999999996,7.21409744849351e-16,3.4642657115872e-15
3.49330935560522e-12,0.999999999989792,6.63575083201558e-13,6.05091897053396e-12
7.82941805476853e-15,0.999999999999888,1.89035182194975e-14,8.54293847360809e-14
6.96029267139778e-16,0.999999999999995,5.61612149987586e-16,3.94840685688578e-15
6.26237566212682e-16,0.999999999999989,1.88025472966031e-15,8.5363677383819e-15
3.2133044735153e-18,1,6.59770070838493e-18,3.97686610777084e-17
1.21342428924308e-18,1,1.21279912385611e-18,9.84080634617632e-18
3.06093484236783e-17,0.999999999999999,1.43746105042756e-16,6.6551706433072e-16
1.03420347914975e-15,0.999999999999984,2.69206397857649e-15,1.25366306399481e-14
3.99120507975991e-18,1,7.83821190089351e-18,4.76392402826402e-17
5.93942486658281e-18,1,1.367425846439e-17,7.75716945799526e-17
5.17073460844785e-18,1,1.52432059449705e-17,7.99188565354449e-17
8.98365201841057e-17,0.999999999999998,3.81047822947781e-16,1.75212995902393e-15
1.00025582549039e-16,0.999999999999998,3.5560968964278e-16,1.61830622789858e-15
8.65631397734166e-19,1,1.54183705148032e-18,1.02351018837103e-17
9.93274328515543e-17,0.999999999999997,4.157709490439e-16,1.86019268004691e-15
1.33640142108507e-16,0.999999999999998,3.22831648165861e-16,1.63137870322507e-15
7.45290606844732e-12,0.999999999970039,2.84724489599742e-12,1.96610908713571e-11
1.92480985400224e-13,0.999999999999334,4.68457922404126e-14,4.26455341864759e-13
1.58974426822325e-15,0.999999999999971,5.07095050585395e-15,2.24954092282775e-14
2.66263479426495e-18,1,7.51574637836484e-18,4.08500999385381e-17
1.16169949485993e-18,1,1.23319410978858e-18,9.79902223908388e-18
3.6204078249155e-16,0.999999999999992,1.35137824338872e-15,6.09876032331265e-15
4.2328940863034e-16,0.999999999999994,1.01216552854908e-15,4.95795227055926e-15
2.75893698221129e-11,0.999999999885166,1.18001782727375e-11,7.54443319277323e-11
3.76201218615387e-17,0.999999999999999,1.42759786413226e-16,6.54747020206009e-16
4.02073296096332e-17,1,6.38070951184041e-17,3.86752583863296e-16
7.61423004122066e-18,1,2.2976742972596e-17,1.18088025344081e-16
7.09583607113294e-18,1,3.58934521200574e-17,1.61176517789907e-16
2.00354215888717e-17,1,3.27071608137813e-17,2.00914390901462e-16
5.63245151425518e-18,1,1.35733879173214e-18,1.79393213218661e-17
9.5903503185685e-16,0.999999999999983,2.91227594118795e-15,1.30650456604024e-14
1.7247583657848e-14,0.999999999999914,7.74665974586334e-15,6.0744073353089e-14
5.10110884057726e-17,0.999999999999999,2.12647775783511e-16,9.51079112182826e-16
1.89334168790726e-18,1,6.55709839261032e-18,3.36926938843631e-17
3.05700612738942e-16,0.999999999999996,6.92587406575657e-16,3.48485192157331e-15
9.14206662814133e-18,1,9.10802611275261e-18,6.87941452863156e-17
2.15191822763817e-15,0.999999999999975,3.64154506200477e-15,1.90179549914673e-14
7.50563145267016e-17,0.999999999999999,2.64380209428252e-16,1.21431082302946e-15
1.57626810951738e-11,0.9999999998994,1.40487389388671e-11,7.07885014703775e-11
5.82247801248011e-13,0.999999999997492,2.3062007354373e-13,1.69487511034566e-12
3.75900118082588e-14,0.999999999999874,8.0016248778496e-15,8.08134148445882e-14
2.64054676246896e-19,1,1.47472811014309e-18,6.98184313062904e-18
1.01685387565421e-17,1,5.05025661299546e-18,4.93742808583821e-17
1.59517984345536e-17,1,2.13672387324779e-17,1.42008492308939e-16
2.68665838295613e-17,1,4.94527161532392e-17,2.88350782395954e-16
8.14502963849421e-16,0.999999999999987,2.22006574204235e-15,1.02701943245473e-14
1.51399291023797e-18,1,4.1797765023856e-18,2.3322823416345e-17
2.86059582988375e-18,1,7.24605346892237e-18,4.0760918825602e-17
2.97216530669891e-19,1,4.7876931925234e-19,3.42578501765938e-18
1.35627027333528e-16,0.999999999999999,1.49345360632633e-16,9.90587463060254e-16
5.56767661175144e-18,1,7.47197345386338e-18,5.14762815113855e-17
1.65719367835598e-19,1,2.35037907317912e-19,1.80091067560728e-18
4.91038729229422e-15,0.999999999999969,3.30630291617058e-15,2.32831563513286e-14
4.74382145519456e-16,0.999999999999997,3.1790935529346e-16,2.42383309278255e-15
6.40782446611732e-18,1,6.96932393823448e-18,5.16071421073195e-17
3.73773108956212e-12,0.999999999979797,2.40096022390816e-12,1.40643452622283e-11
2.77291291529035e-18,1,2.25319997554249e-18,1.91717765474209e-17
4.17427191519016e-15,0.999999999999987,6.93018374717096e-16,8.29859384565596e-15
1.31558496672556e-15,0.999999999999994,4.43109304856886e-16,4.21844765159295e-15
2.93879337296945e-16,0.999999999999999,5.64587619018247e-17,7.02853826342313e-16
7.14685897223559e-24,1,4.97469058103449e-23,3.13047890478204e-22
3.4407862386433e-17,0.999999999999999,6.65676183216515e-17,3.78379376203257e-16
7.49497161467896e-20,1,1.29540906205466e-19,9.49968821137394e-19
1.74769319939167e-14,0.999999999999934,4.52461560584158e-15,4.35464889958931e-14
6.05831467846858e-14,0.999999999999653,3.69473125107825e-14,2.48994236292148e-13
1.04782112050324e-14,0.999999999999962,2.51266200286166e-15,2.53268445135493e-14
3.97773578251602e-15,0.99999999999997,3.42109737197333e-15,2.22000044043684e-14
3.04520314773058e-18,1,4.53031381960276e-18,3.07058738895564e-17
2.15282519950511e-18,1,3.71817125004768e-18,2.41694676598181e-17
9.55163323542714e-18,1,1.97292603026076e-18,2.71422804998306e-17
8.31041684102271e-18,1,1.50540544512339e-17,9.18219853823893e-17
4.9532291532179e-17,1,5.86709787017264e-17,3.92160823244198e-16
1.91538415742904e-15,0.999999999999993,3.89163044942474e-16,4.43225075445671e-15
9.47335073506485e-16,0.999999999999991,1.13498727898863e-15,6.85187289519583e-15
1.50453256568232e-18,1,2.99392665335534e-18,1.87319056140717e-17
1.18112564176831e-16,0.999999999999999,1.12586637081106e-16,7.90688826995593e-16
4.75261065359081e-18,1,6.87557376961698e-18,4.63471670353113e-17
2.007857218231e-17,1,1.42641164198883e-17,1.18829778959055e-16
1.36952140376392e-16,0.999999999999999,8.78383921578967e-17,7.10435628656996e-16
1.56263797297995e-15,0.999999999999995,2.98414143095451e-16,3.50580193998667e-15
3.76971336809992e-17,1,5.19265860477206e-17,3.31754225529523e-16
3.43694053826727e-14,0.999999999999907,4.42324239242581e-15,5.42984647713655e-14
1.29243202867382e-18,1,3.25588014198622e-18,1.88485710688489e-17
4.85646477208204e-17,1,3.24407218918229e-17,2.68005703699667e-16
1.8627248515421e-15,0.999999999999983,2.07911594065558e-15,1.25948691376774e-14
6.99100152098622e-21,1,9.86863231963222e-21,8.53673920779871e-20
7.42693434064675e-18,1,7.71046918744467e-18,5.77818648241302e-17
1.27479379224533e-19,1,1.85958732663165e-19,1.42379893302454e-18
4.02426417668642e-14,0.999999999999812,1.66314967655714e-14,1.30837404837521e-13
1.48984368494514e-17,1,9.29599634844901e-18,8.21926690315566e-17
4.08618510767639e-17,1,3.91749511466368e-17,2.84750590132069e-16
1.15615635612156e-14,0.999999999999945,4.63000482773807e-15,3.83788700535759e-14
1.21666136564138e-15,0.99999999999999,1.27937520819954e-15,8.02537098800467e-15
4.42163044433746e-19,1,8.0076070460598e-19,5.41181839989092e-18
1.98761868370536e-18,1,3.34684035568282e-18,2.20171192236144e-17
2.5555638277836e-15,0.999999999999983,1.77037318379991e-15,1.26045698000332e-14
4.54280387529897e-14,0.999999999999768,2.23589054330586e-14,1.6434355338414e-13
2.6713814129498e-19,1,3.0320569359082e-20,6.09267023427288e-19
1.38522837059646e-16,0.999999999999998,1.90888197505679e-16,1.16746625863374e-15
2.223441892563e-16,0.999999999999998,1.88034170276286e-16,1.35032142590005e-15
4.37307819664904e-17,1,3.13854504788029e-17,2.53364590521346e-16
1.49626862414763e-17,1,1.12762975475865e-17,9.28559560761994e-17
3.1658183022762e-24,1,9.22554781361401e-24,8.22481501944874e-23
6.07111587897732e-17,0.999999999999999,5.10099515635072e-17,3.83941890058353e-16
7.61783253637421e-16,0.999999999999995,4.47356251777921e-16,3.52436992489557e-15
1.19252145934698e-15,0.999999999999994,4.81905185022404e-16,4.29823411326465e-15
2.10405722844712e-18,1,7.4678440076343e-19,8.81408191049007e-18
5.59096612904284e-17,1,4.8302543947289e-17,3.60874293027856e-16
2.77449647245383e-17,1,2.73782833415939e-17,1.99572826964341e-16
1.91641172605981e-18,1,3.19059062323764e-18,2.11023349146717e-17
1.5318611139095e-13,0.999999999999145,9.28266455181058e-14,6.09395325448215e-13
2.49123185076074e-15,0.999999999999981,2.25112813162238e-15,1.45683582705633e-14
2.11339968591625e-13,0.999999999998846,1.24624238867546e-13,8.18142088036012e-13
4.60025286658013e-16,0.999999999999996,5.50856003498121e-16,3.40481592699771e-15
9.50346158506345e-18,1,1.09705012970807e-17,7.83745538192812e-17
4.33232139827695e-19,1,6.42689722560084e-19,4.67565830464802e-18
1.25516349999365e-18,1,1.21218903360153e-18,9.95083733598732e-18
2.5837540492163e-14,0.999999999999902,7.02808367527129e-15,6.55336437233947e-14
1.02681252939749e-18,1,1.67414873749956e-18,1.14061138097442e-17
2.84723107609936e-22,1,4.80992842749729e-22,4.40466588347148e-21
4.59454385460775e-17,1,8.65085245864507e-18,1.16267541518765e-16
2.74671497014213e-16,0.999999999999998,2.53203394425298e-16,1.74938424573321e-15
3.56238664095996e-16,0.999999999999998,2.64326054614317e-16,1.96001311864462e-15
3.49533888609396e-16,0.999999999999997,3.2123237344684e-16,2.20396977244416e-15
1.52841795898554e-21,1,3.36261930859857e-21,2.61115661478934e-20
5.40616898081258e-18,1,8.47723512480715e-18,5.52536708088967e-17
9.3596774023984e-22,1,2.17544638674028e-21,1.68663519584969e-20
1.16602975239058e-15,0.999999999999992,8.98991551755636e-16,6.31690787703792e-15
3.69303277665363e-17,1,5.18770625584137e-17,3.29345531271088e-16
1.89982130251728e-14,0.999999999999891,1.11141221788288e-14,7.88636938515557e-14
4.15944605075752e-19,1,4.9256093804297e-19,3.90162051883384e-18
8.28371027816877e-19,1,1.75486065574205e-18,1.09636154229635e-17
2.83285841990429e-19,1,3.16588264574021e-19,2.59937940883037e-18
1.91501427167582e-20,1,5.21148743445174e-20,3.40638479185957e-19
9.38353631691688e-18,1,9.41983167109086e-18,7.08839895618104e-17
8.85991664308594e-19,1,1.52493394313099e-18,1.0240813566039e-17
3.2188909865976e-16,0.999999999999999,7.82825071995361e-17,8.86868287260403e-16
5.56647529413692e-19,1,9.526298913642e-19,6.51797085510338e-18
2.4530537793479e-15,0.999999999999987,1.14881262376409e-15,9.46182468801059e-15
4.04440372866361e-17,1,4.70530645434056e-17,3.18763244943515e-16
7.28131786387361e-20,1,1.36398530848529e-19,9.72126288731082e-19
3.41984969381119e-16,0.999999999999997,2.8568267756351e-16,2.03100651694384e-15
4.95763108482079e-15,0.999999999999963,4.31735239811385e-15,2.76952319399085e-14
5.54719663872778e-15,0.99999999999996,4.63481978100194e-15,3.00689319866652e-14
4.5759127428702e-17,1,5.6959393347935e-17,3.74954804540331e-16
1.33354054299548e-16,0.999999999999999,1.32169037332892e-16,9.11335006657591e-16
1.03955791484386e-14,0.999999999999956,3.3712260080344e-15,3.03383491864538e-14
1.32064069229044e-18,1,1.72765245462614e-18,1.26448771236093e-17
1.37215811808498e-17,1,1.43233947861948e-17,1.04823192785299e-16
3.67470576190781e-16,0.999999999999997,4.17837250734878e-16,2.65024451534191e-15
1.15879963848984e-15,0.999999999999991,9.28366064976582e-16,6.43407784487997e-15
9.86931214980302e-14,0.999999999999458,5.70196585885878e-14,3.85959393762438e-13
1.36378312421031e-14,0.999999999999903,1.14216988080326e-14,7.1962309037434e-14
6.81847320605037e-13,0.99999999999731,2.29148306417386e-13,1.77943629106738e-12
2.71709794008326e-18,1,3.23667982110039e-18,2.3895540139212e-17
3.00755893864526e-18,1,2.59443411724429e-18,2.15207914286613e-17
2.73733525407812e-18,1,3.15141472287329e-18,2.35549852079174e-17
2.03717470050287e-14,0.999999999999876,1.33244580162363e-14,9.05971998215241e-14
1.28309036200606e-13,0.999999999999484,4.18000368953693e-14,3.45919939228948e-13
2.4318647712207e-18,1,4.17621338330623e-18,2.70869623819778e-17
1.84138144618675e-20,1,4.88040026628208e-20,3.22498222240647e-19
9.36625648984284e-15,0.99999999999994,6.38052276525906e-15,4.38194270229921e-14
7.13243529551523e-23,1,2.41540435962593e-22,1.80001211320231e-21
6.2846392452702e-20,1,9.62467142692477e-20,7.42982875651545e-19
2.7071124372506e-17,1,4.3376901120658e-17,2.65518855303627e-16
1.02938543621271e-19,1,2.90540072375355e-19,1.76486509117899e-18
3.51088506805743e-16,0.999999999999996,4.94417637002601e-16,2.91099051546016e-15
1.02612645861477e-15,0.999999999999996,1.99406561252494e-16,2.36216277303716e-15
7.74810557689242e-19,1,6.81475740781699e-19,5.89865101217175e-18
4.08251876646709e-16,0.999999999999998,1.63567671844161e-16,1.51919813475728e-15
9.12080530872727e-18,1,5.78384119696601e-18,5.1740665924806e-17
1.58524733743329e-21,1,2.8475962553905e-21,2.3820098527041e-20
4.05158440566643e-15,0.99999999999998,1.7364616761942e-15,1.45339740783794e-14
8.49778983799115e-16,0.999999999999992,1.11631154795862e-15,6.5465730555167e-15
1.36910208259949e-17,1,1.78062438849596e-17,1.20247079447952e-16
5.18054231130371e-17,1,6.67833322304815e-17,4.32284407606605e-16
9.5650695375898e-21,1,2.06970257305919e-20,1.50849676410794e-19
8.58939057240708e-26,1,4.32541624934917e-25,3.63531512067114e-24
3.91595505291326e-21,1,5.04696701212675e-21,4.6218712782776e-20
4.23406813104546e-18,1,4.58824511129457e-18,3.45276956680787e-17
9.25775916001782e-18,1,1.15889017896388e-17,8.04461992230272e-17
2.37794725274575e-15,0.999999999999981,2.32829214438576e-15,1.46625272603631e-14
3.52486333107838e-17,1,5.26005771714523e-17,3.27313550050222e-16
1.9944077620942e-18,1,3.71710969945489e-18,2.35741791034639e-17
4.73773873930883e-16,0.999999999999996,3.63571283508722e-16,2.63722960981399e-15
1.29624849034115e-13,0.999999999999511,3.7173448436429e-14,3.2241033946974e-13
3.90863861856146e-18,1,4.16695340918858e-18,3.16382201352845e-17
1.26446523700979e-17,1,2.32108210489258e-17,1.38925292283131e-16
1.10913957491236e-16,0.999999999999999,5.09643452221401e-17,4.70660102265759e-16
1.61412021542387e-17,1,2.5094678978222e-17,1.58011058501129e-16
2.30699306598885e-14,0.999999999999877,1.20156238220444e-14,8.8400027500602e-14
1.49238907871502e-16,0.999999999999999,1.39291586440795e-16,9.77980486001753e-16
3.83690898564198e-17,1,8.17680064159732e-18,1.05428297515797e-16
3.51457061682486e-13,0.999999999998175,1.93152122142931e-13,1.28063750886704e-12
1.93895647581743e-17,1,2.09687701173957e-17,1.49650074734365e-16
1.14587156765675e-18,1,1.15835860308938e-18,9.37885636881001e-18
6.55071893241336e-17,1,5.06924642599149e-17,3.92313840545335e-16
7.27736900808894e-17,0.999999999999999,5.81794292966358e-17,4.43230288855569e-16
6.36291069749902e-21,1,1.26841185019431e-20,9.67638084468456e-20
8.73927718511887e-19,1,1.31017633111123e-18,9.25726243773687e-18
6.79368100961137e-16,0.999999999999995,5.1730624468486e-16,3.71778782653452e-15
1.16060760417097e-20,1,2.09938595076564e-20,1.62307448807163e-19
1.08291377993544e-14,0.999999999999937,6.32933746301956e-15,4.57447812499723e-14
4.131769963809e-16,0.999999999999997,3.43761723981831e-16,2.43199404513635e-15
7.28767725221859e-18,1,1.63522177903232e-18,2.20056380193817e-17
1.40106910099169e-13,0.999999999999421,4.84065154173987e-14,3.9090395768873e-13
9.35959023510397e-15,0.99999999999995,4.74764586379195e-15,3.63138292879546e-14
1.72386932032857e-15,0.999999999999989,1.03557574780343e-15,7.87076123347393e-15
2.57517255114521e-19,1,3.22629819574484e-19,2.54706928580297e-18
5.81610907230799e-18,1,9.38481167988578e-19,1.45021709646012e-17
1.82814507449755e-16,0.999999999999999,1.30472057777554e-16,1.00410841602994e-15
1.26241982550847e-19,1,1.14700189003455e-19,1.04979743606102e-18
2.25368544662836e-19,1,3.69720150721435e-19,2.6544250024289e-18
5.577895896393e-20,1,1.04222711880148e-19,7.50832861073273e-19
5.69156474920087e-17,0.999999999999999,9.03927560498256e-17,5.41446894483449e-16
1.92907087877247e-18,1,3.27127967187004e-18,2.14878151048657e-17
4.24100879794862e-21,1,1.04876630181935e-20,7.5040550687017e-20
3.44463208854638e-14,0.999999999999851,1.22576419402819e-14,1.02423845242645e-13
3.79260536749568e-24,1,2.08907007687645e-23,1.46215072506153e-22
5.44366191704944e-19,1,9.21658943533525e-19,6.33584080560143e-18
1.98297414153069e-16,0.999999999999998,2.05345612284702e-16,1.3749992789292e-15
6.73355882414767e-17,0.999999999999999,5.27384542494214e-17,4.05940302417542e-16
4.42277726097711e-16,0.999999999999997,2.86507405026966e-16,2.21727059580478e-15
3.19997691571216e-16,0.999999999999998,2.28185683952389e-16,1.72327041192791e-15
4.27197864282615e-16,0.999999999999997,3.16389011803262e-16,2.3332598892163e-15
8.74779251433829e-16,0.999999999999993,8.03337842148973e-16,5.34789526164229e-15
4.2743730272026e-15,0.999999999999983,1.16606149146858e-15,1.15423213963537e-14
3.85653380950572e-19,1,1.013643904083e-18,6.02758033702194e-18
5.37253671970816e-15,0.999999999999966,3.5330410024241e-15,2.5021610508226e-14
1.60787482025982e-17,1,7.99891815533345e-18,7.6850424937089e-17
1.18668689226044e-17,1,1.67299104475976e-17,1.10269379631569e-16
1.41094191175332e-18,1,2.77091687952147e-18,1.74573064564589e-17
1.3738290759308e-16,0.999999999999999,1.22956651245137e-16,8.79124190455178e-16
3.87340112640039e-21,1,9.9594515049731e-21,7.04926421962321e-20
1.64785295195074e-15,0.999999999999993,4.18879564852349e-16,4.40236521008748e-15
8.89347412088577e-22,1,1.4067425014279e-21,1.26284167614266e-20
2.88886124529274e-19,1,3.71626607436272e-19,2.89280275454989e-18
8.27485234302936e-17,0.999999999999999,6.27012111520793e-17,4.85087385978242e-16
3.4843227695071e-14,0.99999999999988,7.85466148923384e-15,7.78263854155272e-14
9.44739870852728e-18,1,2.76854848135041e-18,3.32478996327713e-17
5.2509266453014e-21,1,1.56230208334209e-20,1.03708179224925e-19
4.56983439236563e-19,1,6.28899008215789e-19,4.69474824601061e-18
1.20962084255373e-17,1,1.40174952840019e-17,9.91583828697857e-17
6.55550803597267e-17,1,5.64254924765287e-17,4.19815228220407e-16
7.71641682378854e-16,0.999999999999994,6.59314297457462e-16,4.52409317832358e-15
3.74957811339053e-16,0.999999999999997,3.07668384384138e-16,2.19486850847183e-15
1.81539098875303e-16,0.999999999999999,1.31231401245292e-16,1.00541981478594e-15
7.01636061224038e-18,1,5.22434143641573e-18,4.44107881178601e-17
5.95852575723435e-15,0.99999999999996,4.32545152493822e-15,2.94543730690189e-14
8.60310272394674e-23,1,2.70345280809977e-25,3.4314605199662e-23
7.82841083715998e-13,0.999999999998444,4.967339867016e-14,7.23458550110959e-13
4.9830700066131e-25,1,1.51483706939975e-27,2.46001269854081e-25
6.78468476191848e-20,1,8.80362296724431e-22,4.57118267077329e-20
7.75797134497453e-28,1,2.11054227097288e-30,4.84333470493845e-28
1.32523714176537e-21,1,3.87447346774951e-23,1.69738368262243e-21
7.60784728486689e-25,1,3.27040761965692e-27,4.49292468335861e-25
1.11921192562946e-19,1,3.67453359622239e-21,1.26881993079154e-19
7.09597311097006e-25,1,3.22352704985646e-27,4.33924543143672e-25
2.30796181222971e-21,1,1.58926410708632e-23,1.24810492616752e-21
3.39928544228923e-19,1,6.13981692004188e-22,6.96432881071492e-20
2.47026376800292e-21,1,1.23167671202797e-23,1.10667795467866e-21
5.41945988618386e-24,1,5.26946157709439e-26,4.68075922444726e-24
3.10954803287119e-19,1,1.25124502617168e-20,3.80741547209342e-19
1.82181855646016e-24,1,1.2234489795036e-26,1.3358868255547e-24
1.93955521360683e-15,0.999999999999997,1.58912893774325e-17,6.67224110764365e-16
1.74894069664325e-19,1,2.35754490397421e-21,1.15733533483943e-19
1.32967792739534e-28,1,7.37524139806724e-31,1.35615197856698e-28
1.79215034982454e-16,0.999999999999999,4.66105594361328e-18,1.31404805728362e-16
1.64677819986131e-23,1,3.31949336452814e-25,2.06244208920025e-23
2.84408724801677e-25,1,4.56302080393956e-27,3.74999106907355e-25
2.03450232374683e-18,1,3.93334880804108e-20,1.49932010195904e-18
1.35291613962551e-17,1,9.5783303006661e-20,5.16786993089835e-18
3.61933234730928e-17,1,4.99867890840865e-19,1.95270834928319e-17
1.1352923723841e-23,1,5.58526110698703e-26,6.40856915776354e-24
6.28776546710905e-15,0.999999999999987,3.45436482325592e-16,6.28968169773631e-15
6.52296952179247e-17,1,5.26268764285538e-19,2.52407914816574e-17
3.1301758040696e-20,1,1.81692175463306e-22,1.37116650599685e-20
7.28331877799631e-23,1,2.04213521231991e-25,2.74227029134061e-23
4.12532109062063e-22,1,2.60408300591537e-24,2.28885841401498e-22
6.46278624964758e-20,1,1.87807991899283e-21,6.9803538028734e-20
1.8413579919408e-18,1,5.91748123663216e-20,1.83530000452794e-18
7.92417334925768e-26,1,5.12831043315043e-28,6.56520175079971e-26
3.68854799321607e-25,1,1.46701392684339e-27,2.15338658138811e-25
8.4530313686181e-27,1,1.38911555915845e-28,1.32791487435574e-26
6.84897127542673e-23,1,2.15112865151536e-24,1.04180047412605e-22
1.17460893214842e-17,1,1.81706957034132e-19,7.07909712608105e-18
1.45147930006403e-15,0.999999999999998,3.1266821810485e-17,8.80069734371659e-16
7.10336137729254e-21,1,5.24861601600097e-23,3.80942254122538e-21
4.65865912101354e-19,1,3.70975517302037e-21,2.18331156393273e-19
1.428989800556e-19,1,7.38054852236491e-22,5.49082955164818e-20
8.76949333338742e-27,1,4.19068581089117e-29,6.75671152651558e-27
1.40203449408116e-20,1,2.44909178467586e-22,1.20092628194965e-20
2.30457457862446e-16,0.999999999999999,3.26201473858506e-18,1.17341455051536e-16
7.74625429938857e-20,1,5.66983490837163e-22,3.72951396791237e-20
2.15730201114856e-18,1,2.876368806742e-20,1.27771639957894e-18
6.26646831939549e-25,1,2.00832118224326e-27,3.15540725901026e-25
2.01610481331951e-24,1,9.92929848518894e-27,1.23140741940268e-24
1.48703311418359e-20,1,6.58816019468904e-23,5.76192414236034e-21
1.5385068370228e-20,1,2.93598536829707e-22,1.38188107652027e-20
6.25041148142415e-24,1,3.56269802625133e-26,3.94428786205185e-24
1.77911870060729e-18,1,2.84738242909972e-20,1.18092429490547e-18
1.00809610866749e-21,1,6.10264384957737e-24,5.24962245846142e-22
8.14764535082112e-26,1,1.37630632975982e-28,3.12303013997018e-26
1.50667024278965e-25,1,7.95046493274385e-28,1.07785510529958e-25
6.89020440306495e-17,1,6.55677847267089e-19,2.92412842146874e-17
6.30657827606967e-17,1,4.58631425967863e-19,2.30308034593692e-17
2.54088249985456e-28,1,1.04188134219976e-30,2.11413678822247e-28
1.97452185805166e-15,0.999999999999996,9.22555207372797e-17,1.87030853717965e-15
6.9289572663912e-24,1,1.70489099371815e-25,1.01282054801488e-23
9.84205269745888e-21,1,1.20954411709938e-22,6.98013571909592e-21
1.55426558064822e-18,1,2.18666973351011e-20,9.62571342982043e-19
2.98953476329384e-21,1,3.48482335217823e-23,2.16550142588321e-21
4.6617379969033e-27,1,7.76587169962325e-30,2.02241572918999e-27
2.21424598478523e-25,1,2.77192247376557e-28,6.83494875988088e-26
1.80918969561518e-22,1,9.23592423985701e-25,9.21649820712815e-23
6.08704482891775e-20,1,3.23176429337095e-21,9.39566967637782e-20
7.8069854426707e-26,1,2.28110038108161e-28,4.10150355120425e-26
3.59172924280764e-13,0.999999999999264,2.4197299210627e-14,3.53079482699747e-13
6.83498577249871e-15,0.999999999999988,2.31477047168232e-16,5.10850855886399e-15
6.17708408767105e-26,1,6.24377162475144e-29,1.78924000544253e-26
3.89317607622593e-20,1,6.2146139906176e-22,3.02899654698545e-20
6.85670365515627e-14,0.999999999999896,1.31047777124101e-15,3.38090200240583e-14
8.09520784716948e-17,1,1.68508673722343e-19,1.45946635042347e-17
1.64332120211255e-28,1,7.65126917922368e-31,1.50094067869307e-28
9.41938787175983e-21,1,2.59677760752951e-23,2.84122004577327e-21
5.78164283047019e-22,1,8.41001943071149e-25,1.3693491177133e-22
3.14728245863177e-22,1,1.94871352568029e-24,1.74773441930562e-22
7.4078384212355e-29,1,1.56361259980711e-31,4.46265407758533e-29
3.90370849983616e-22,1,2.4644364930426e-24,2.17131575308439e-22
2.32124386137994e-18,1,1.68741143627872e-20,9.66324441478079e-19
6.95409697621097e-17,1,1.36221939518236e-18,4.48093974868874e-17
1.44089281294198e-19,1,2.31324342309974e-21,1.0639948833593e-19
1.53692104043453e-17,1,4.48226588174172e-19,1.32778028979209e-17
1.03442830529714e-20,1,1.98333963080868e-22,9.4771870060754e-21
2.17590517889013e-20,1,2.68849234451809e-23,4.03331660444581e-21
5.23446261317562e-20,1,8.85036725314539e-22,4.15821575065648e-20
3.58717413655355e-21,1,1.47847673626224e-23,1.41806725457457e-21
2.31842078058369e-18,1,5.49943089554247e-20,1.91528377064878e-18
3.71715505083416e-19,1,6.88238469413126e-21,2.86606011495688e-19
1.78497701064943e-20,1,1.1468614297659e-22,8.48966351853469e-21
1.05010817636922e-20,1,5.12190594825268e-23,4.36343068899374e-21
3.61099868506364e-22,1,1.9728654845773e-24,1.85492045505746e-22
6.52070062317315e-22,1,1.09980776166159e-23,6.25436256787755e-22
1.41977978029218e-18,1,8.16074615704517e-21,5.27282695624231e-19
9.08211366072493e-28,1,3.86406575703553e-30,7.27327101000354e-28
1.86793746164171e-22,1,2.28222366104939e-25,4.21061509541732e-23
3.64383444034215e-25,1,7.8113481935872e-28,1.4943712347439e-25
8.49121017670368e-28,1,1.9327908401774e-30,4.76643430102827e-28
3.28118777649373e-19,1,5.93734955693093e-21,2.5093660683712e-19
1.43049062928576e-18,1,2.44990024638241e-20,9.96614980159985e-19
4.48294939004508e-27,1,6.67542297693331e-29,6.85088587526621e-27
9.08533209773172e-18,1,8.7984076212256e-19,1.63640909200939e-17
7.1397066966568e-25,1,2.61773064550765e-27,3.86008501932399e-25
2.69608706633336e-16,1,6.84587407123295e-18,1.91871415099638e-16
6.476857578466e-23,1,7.48998949886558e-25,5.53073353534304e-23
5.78668002756691e-15,0.999999999999988,3.25295731333886e-16,5.88648881590027e-15
5.04767939543842e-22,1,4.58873943121845e-24,3.42433405618452e-22
2.11347277541823e-18,1,6.34521865209414e-20,2.01248935871056e-18
1.5361020428178e-19,1,2.14332146296743e-21,1.04272888659105e-19
1.75879812735261e-16,1,8.60602934261813e-18,1.87615746716682e-16
2.88749809360074e-23,1,1.40907208002343e-24,5.90196429095294e-23
2.66851128419542e-15,0.999999999999995,9.0352223249471e-17,2.06404870269452e-15
4.56071501947737e-23,1,4.4561841255717e-25,3.58923430154878e-23
6.17272903296937e-20,1,7.71556308424254e-22,4.08613643730173e-20
8.39189466205793e-22,1,1.1465248245208e-23,7.04496755902439e-22
1.03895450446522e-19,1,9.84772526743947e-22,5.73299472818809e-20
2.71935105282222e-28,1,1.18716831933821e-30,2.33801292217769e-28
1.70243074191494e-20,1,3.94710336280787e-23,4.54005173935445e-21
1.75620975727987e-20,1,1.64928096783798e-22,1.03990805064539e-20
3.32118952208099e-23,1,2.61319677103115e-25,2.34001224569453e-23
5.4238753431403e-15,0.999999999999992,1.07817489158242e-16,2.9895827325327e-15
2.53951134522896e-20,1,2.11123522952185e-22,1.37967962288041e-20
1.44423090117921e-24,1,7.91219943024407e-27,9.52072217769369e-25
3.84544247131161e-17,1,6.36487815878527e-19,2.29913366375701e-17
1.16231925480133e-23,1,3.97601578662182e-26,5.32227979704593e-24
7.87570801395768e-21,1,7.99776987403577e-23,5.05060799982481e-21
7.94211274070831e-20,1,6.83018310050961e-22,4.19099075643134e-20
7.9482928656831e-24,1,1.73826974131053e-26,2.86750722643578e-24
5.25427165165561e-17,1,3.08141556524332e-18,6.54309564895075e-17
2.29826810550015e-19,1,9.53842329432098e-21,2.90207274736767e-19
2.99795989579834e-28,1,5.28618632704871e-30,5.72460462393012e-28
1.43134858363683e-19,1,3.67244982666959e-21,1.38983401357061e-19
2.6049735243839e-16,0.999999999999999,1.01336124640424e-17,2.38812581638656e-16
1.5121719829303e-20,1,3.32859546868662e-22,1.47715193711718e-20
4.44016542117565e-18,1,4.59868011477177e-20,2.20642662001455e-18
1.70214113990999e-19,1,2.18264429241487e-21,1.09546553458301e-19
9.11156400668741e-18,1,1.81433584221061e-19,6.42705206811611e-18
1.38795522819129e-19,1,1.3439961096313e-21,7.65945076197012e-20
5.05662861371925e-23,1,3.75093776679782e-25,3.37962855708172e-23
1.55174953268144e-19,1,1.567596843763e-21,8.73399142077101e-20
5.07752009445897e-20,1,1.1426128373767e-22,1.27181856894446e-20
9.56019772964664e-18,1,1.69733199533265e-19,6.29463492214804e-18
4.69869037013332e-19,1,2.39278939564778e-21,1.70434667298179e-19
1.03663729251018e-29,1,1.35036016718908e-32,5.19464701287262e-30
6.26567096290988e-20,1,1.15115428454555e-21,5.18413766711792e-20
2.42316478241846e-16,1,6.41712389896513e-18,1.77491871516787e-16
2.6344651763006e-23,1,6.78830355720127e-26,9.89066571810767e-24
1.37728240345263e-23,1,1.01112600585764e-25,9.70061788683067e-24
1.8219792959539e-17,1,1.00260733640826e-18,2.2769571458098e-17
4.0661091101362e-21,1,3.27924864874957e-23,2.3494816101842e-21
5.26238380199507e-20,1,6.20222253914423e-22,3.38993305604339e-20
9.32338891440648e-14,0.999999999999871,1.09210310876592e-15,3.44483466968657e-14
1.08874348229039e-21,1,2.77106493171034e-23,1.29720606406364e-21
8.31145952314461e-18,1,4.47208794373125e-19,1.05733130736205e-17
7.46822921912848e-19,1,7.96614460807079e-21,4.0615133798556e-19
4.80421567951446e-13,0.999999999999127,2.19738371226035e-14,3.70593775333848e-13
1.61307197753098e-20,1,9.29028314439344e-23,7.23696279028293e-21
2.33719153978447e-29,1,1.33439282923429e-32,7.03450773731166e-30
9.97707810140458e-28,1,1.9391587570498e-29,1.90584664075296e-27
7.3783779138685e-21,1,1.14558028947592e-22,6.06750308459275e-21
4.32538491902926e-22,1,3.16907629069145e-24,2.60909854390132e-22
9.00602635061315e-18,1,9.65417002450468e-20,4.4363764269707e-18
2.99467754547521e-16,0.999999999999999,8.60432629542446e-18,2.28274991069203e-16
8.64725135840869e-18,1,1.95764686513362e-19,6.58885446468146e-18
3.09048599956682e-18,1,1.50810127579808e-20,1.01323285399434e-18
2.43181918376871e-16,1,1.09637265199988e-18,6.4481866042479e-17
3.88376568787174e-25,1,2.1324619007767e-27,2.72184418129005e-25
2.47882069742842e-26,1,1.46226829285138e-28,2.05432128576987e-26
4.53450877625741e-25,1,8.92248775647589e-28,1.75328328206566e-25
6.55194445866627e-26,1,1.38267870429719e-27,1.08245902140948e-25
2.00356740851438e-24,1,2.07546413584821e-26,1.87759612187294e-24
3.06406817050822e-16,0.999999999999999,5.77667771166549e-18,1.82280533666088e-16
4.67525664685113e-19,1,4.93817619101102e-21,2.57794827485042e-19
9.77120579350498e-19,1,3.55762280767711e-21,2.84320566778691e-19
8.23257210899181e-21,1,5.61053722968154e-23,4.18766002044491e-21
1.1999970526466e-17,1,5.57644254245546e-20,3.62628456235218e-18
3.43697493171554e-22,1,1.65072553008927e-23,6.2422646978285e-22
1.25679018051644e-19,1,3.95088216340841e-21,1.38217673263355e-19
5.85302272290122e-21,1,1.12144688800056e-22,5.49373031614112e-21
3.03945713999922e-16,0.999999999999999,2.17894469123836e-17,3.99101244106418e-16
5.01818895286323e-16,0.999999999999999,9.73450355386604e-18,2.97878578843959e-16
1.71881965899061e-16,0.999999999999999,5.01062638047014e-18,1.350012269007e-16
2.39516115594342e-16,0.999999999999999,1.37936740616534e-17,2.78298173625284e-16
3.28842155208466e-21,1,3.81315416979101e-23,2.36493747450353e-21
8.64714274518389e-22,1,3.85027265082734e-24,3.80147985032281e-22
5.27774594334026e-15,0.999999999999991,1.62724004364623e-16,3.76687469711052e-15
4.59211301299209e-22,1,7.3596259047117e-24,4.34246113985838e-22
4.2133007706456e-21,1,2.54049982943258e-23,2.05651873886667e-21
2.76383381413039e-27,1,1.68841983756783e-29,2.58681836167962e-27
4.4653238598666e-20,1,3.95326417467689e-22,2.45548594898526e-20
1.35657578012938e-27,1,1.86825113774511e-30,5.58944882279574e-28
1.75521531056441e-21,1,1.57034360397152e-23,1.1169168387616e-21
4.13383323048262e-20,1,6.88296029200197e-22,3.28761021937967e-20
3.53712138882344e-20,1,1.58931543727214e-22,1.33146966356908e-20
7.88327518139222e-24,1,2.24388287682836e-25,1.24684952832718e-23
5.19405011963136e-20,1,4.59265236371163e-22,2.83581108254491e-20
5.72746788542671e-18,1,2.73747171039334e-20,1.8106066360562e-18
1.12093353444457e-25,1,1.08707607717901e-27,1.15354690151322e-25
5.50827645336232e-21,1,2.53702684019504e-23,2.27753910628935e-21
6.04166628848614e-32,1,3.585607793681e-34,9.19613972106982e-32
2.99809197941744e-26,1,2.14950198929563e-27,1.04363472899819e-25
2.12278422234952e-28,1,1.99208792062937e-29,1.08298971781232e-27
1.31387893452695e-26,1,8.85975589579256e-28,4.58174146893541e-26
1.65815262068071e-26,1,1.28291765706068e-27,6.19807352644099e-26
4.34479039171289e-30,1,8.04991807546826e-33,2.77482326560236e-30
1.99322189532698e-29,1,8.41490625005419e-31,7.14199397934599e-29
6.72214311090669e-28,1,4.22194632987785e-29,2.57665231589196e-27
5.48801097402984e-29,1,2.81117328502118e-30,2.09810665262431e-28
1.11282578421807e-33,1,6.25708160472683e-35,7.42425901034328e-33
1.06712249036896e-29,1,6.62693443294445e-31,4.91902795622086e-29
4.12845234472205e-25,1,4.98801295209107e-26,1.73269129965362e-24
1.35382354428387e-33,1,5.59438770788201e-35,7.49813340653316e-33
8.03280312267988e-31,1,4.29848993192394e-32,3.83122843716427e-30
1.91181589493939e-28,1,1.20618307230994e-29,7.78448707904984e-28
3.75043154588439e-28,1,2.50271008611699e-29,1.52943215073881e-27
5.54675690893224e-25,1,8.30951615766034e-26,2.60677790497303e-24
3.15954634432475e-25,1,1.68542486223373e-26,8.32336836815913e-25
3.16440750360644e-28,1,4.84442176174033e-31,1.48217689649599e-28
3.25108827955564e-25,1,4.58959214659112e-26,1.51093193826928e-24
3.74672556687885e-22,1,6.48730498100506e-23,1.44490634922202e-21
1.85118127592848e-30,1,1.06743843896751e-31,8.86720954476728e-30
5.32410195470889e-28,1,9.27389267820519e-30,9.82954173752148e-28
7.73526038996404e-23,1,6.9024128803147e-24,2.15728762761719e-22
1.49200270599537e-28,1,1.42076208395086e-29,7.80182270703124e-28
1.16220447319672e-30,1,4.98612554662254e-32,4.79682754214124e-30
1.22674126183688e-32,1,5.94985457390491e-34,6.71947546993889e-32
3.08110887866643e-24,1,3.42490540432655e-26,2.94918382781554e-24
9.57313946132218e-26,1,6.48571271089264e-27,3.05927433079759e-25
1.23602180383094e-32,1,8.61020640286264e-36,5.94460887416628e-33
2.07176418016881e-24,1,1.70496030743623e-25,6.46209752785262e-24
1.82602789609521e-21,1,3.61768290635789e-22,7.13711839515451e-21
1.81249723901017e-30,1,9.5115339830394e-32,8.23047696524084e-30
2.94299300229197e-40,1,6.24846125258334e-42,2.28764247951554e-39
1.32448844177986e-38,1,1.35588762190076e-41,1.52467237059296e-38
1.55612605201051e-28,1,8.67341460424749e-30,5.95356747287351e-28
4.84228463057577e-28,1,3.6302430585694e-29,2.08802150377117e-27
1.68578261547407e-25,1,1.47467222882034e-26,6.09612702943439e-25
7.95178290681315e-23,1,1.16691032920604e-23,2.97086892864721e-22
1.96865761657694e-28,1,1.42915814743304e-29,8.68343446506221e-28
9.73116070411607e-26,1,1.31548205185304e-26,4.65272931124061e-25
2.42817583731201e-32,1,2.26231250296943e-34,4.996328185999e-32
6.67802758307418e-29,1,3.92189169492887e-30,2.73822366219543e-28
1.50112336270914e-22,1,2.14577815466659e-24,1.39582565879534e-22
4.74278080310666e-27,1,4.64773414469332e-28,2.15338741887342e-26
6.92500780637935e-26,1,6.03339989787561e-27,2.600381769959e-25
3.81501404218831e-40,1,6.4273767130012e-42,2.56757572091873e-39
1.63449964326208e-31,1,4.00908080486989e-34,1.430774280415e-31
2.39448180568183e-24,1,1.96191895373155e-25,7.40174368937612e-24
3.5910124903965e-30,1,1.52849740286015e-31,1.39993081608699e-29
5.01467379045405e-25,1,5.94090843747887e-27,5.4081148899349e-25
2.7263869193232e-24,1,2.22096849354351e-25,8.35087638467628e-24
1.2492111481402e-28,1,7.5716656513797e-30,5.0681184696252e-28
3.62103775659741e-24,1,3.26160019194138e-25,1.16168010341112e-23
1.14634624957029e-25,1,1.19448113631184e-26,4.67188369328375e-25
1.98934991390868e-33,1,3.23222457781459e-36,1.69442878743819e-33
9.66256428862558e-32,1,5.41852505482911e-33,5.22543770242889e-31
1.94943771198154e-31,1,1.00718446790808e-33,2.59336838343526e-31
2.18559848368254e-21,1,3.42360126464893e-22,7.37030879016648e-21
5.12818473807429e-30,1,2.79410842492341e-32,6.03010856228692e-30
3.24474107066714e-26,1,1.46159341004936e-27,8.5893818975934e-26
3.08319974129191e-26,1,2.12696660346982e-27,1.04811926258193e-25
2.33999301836788e-25,1,1.67426799455777e-26,7.4148833404806e-25
4.04647647924198e-27,1,3.97004432228595e-28,1.8518089069768e-26
2.1974540576247e-29,1,4.53528969428478e-31,5.18834832701699e-29
1.34900464864341e-35,1,4.97943478316244e-38,2.32820890302718e-35
5.56048403169266e-26,1,4.09950186584219e-27,1.91309152715248e-25
5.26539654080563e-24,1,7.43783219458298e-25,2.16458764089141e-23
7.84196821909382e-29,1,3.6590928111175e-30,2.79409583364843e-28
2.43723909401551e-29,1,1.71695636265962e-30,1.16321098339575e-28
1.58664277743516e-39,1,3.75625429030348e-43,8.7334672583474e-40
1.45663815855955e-24,1,1.11970545847726e-25,4.43467676374415e-24
1.07244486951418e-24,1,3.84113549817518e-26,2.12052830857247e-24
4.68690194203429e-34,1,1.65249885011903e-35,2.49057014789532e-33
1.21302129485113e-28,1,7.27890548696325e-30,4.89941705830899e-28
1.40003074982977e-31,1,6.81885742475279e-33,6.86111190840466e-31
5.51067650763107e-27,1,5.39591582357018e-28,2.48388640591934e-26
4.36455885200116e-27,1,3.01540074401858e-28,1.62309593782178e-26
4.61369617921892e-36,1,1.16440703011546e-37,2.51479977924276e-35
1.43491432885283e-27,1,1.21678520473088e-28,6.32414574597011e-27
4.80378872140617e-24,1,6.90910476972991e-25,2.00394220648415e-23
1.38890319873486e-36,1,1.19836948879304e-38,4.33661606955491e-36
7.21408511297266e-33,1,3.77030699619896e-34,4.22864471057725e-32
2.5558969191234e-26,1,1.7877865994539e-27,8.83379814814087e-26
1.05594904606319e-31,1,5.76731407036539e-35,3.99234376761257e-32
1.70728610379534e-28,1,1.20334447177095e-29,7.45136175779936e-28
5.93653732285997e-26,1,6.60882868983626e-27,2.59026012426078e-25
8.8778898967975e-25,1,1.27069287910215e-26,1.04047317779598e-24
3.23285891026496e-33,1,1.10608064948706e-34,1.5423410822367e-32
2.86296838893486e-26,1,2.67512752947213e-27,1.16540421033983e-25
1.44736686914599e-29,1,9.11482602731698e-31,6.63175739089407e-29
6.44333555500572e-31,1,3.390425779418e-32,3.07485212445111e-30
4.64876014585096e-24,1,4.63031077375752e-25,1.56465250326887e-23
3.19615929217602e-32,1,1.14135121547525e-33,1.40378204290864e-31
3.22349187702331e-22,1,1.38103000704105e-23,5.49087626396129e-22
3.28286480293398e-31,1,1.09212823012237e-32,1.24142984682795e-30
5.93908907001828e-25,1,2.31342600395299e-27,3.35236555401291e-25
1.41579934186864e-35,1,7.12636902192063e-38,2.91100991979743e-35
8.21305919188377e-32,1,3.85051441110772e-33,4.03676915109745e-31
4.90784022031624e-24,1,7.13572273173894e-25,2.05853692117967e-23
5.12989200968391e-27,1,3.9741478119844e-28,2.02408351728826e-26
1.76495908021125e-27,1,1.71992050589294e-28,8.35479010940985e-27
3.74697408013275e-27,1,3.93223583216214e-28,1.78958829332583e-26
4.7698935866493e-21,1,1.83770764417074e-22,6.79292273727578e-21
3.31176839552941e-30,1,1.54033612313547e-31,1.36394417368194e-29
3.01591813187143e-27,1,2.39693347480907e-28,1.23739363629753e-26
2.03493978727493e-28,1,3.99349848212979e-31,1.12156478499142e-28
2.95728896540215e-28,1,2.68063093897002e-29,1.45635720011261e-27
8.22263727026948e-29,1,6.7029584208098e-30,4.03792473272209e-28
3.71111266084675e-27,1,3.35527437827405e-29,4.29232667110496e-27
3.40349891365426e-27,1,2.7438865143809e-28,1.40032388294251e-26
2.42676200191906e-30,1,1.76827512560322e-31,1.3140542846094e-29
2.69915959206757e-27,1,1.7433728848854e-28,9.86679809719815e-27
2.03299580302326e-24,1,2.64058564345003e-25,8.2949967053751e-24
1.67694099670677e-33,1,1.26381619794035e-35,3.46630681565364e-33
1.7529818129394e-30,1,8.58507055453113e-32,7.66104255802701e-30
2.13305415136454e-35,1,4.75005343365166e-37,1.00710895427761e-34
1.54725550510263e-25,1,1.16817833754347e-26,5.15411681904244e-25
2.02288254213951e-18,1,4.52380405345985e-19,6.40467351778099e-18
1.70991242546002e-29,1,7.99540212168364e-33,4.65913154029097e-30
6.82132319357774e-27,1,6.08706487324452e-28,2.88468991649889e-26
1.22810099306673e-30,1,6.174893419161e-32,5.54019151008667e-30
5.33604141192151e-32,1,3.1533460336368e-33,3.05764029026543e-31
5.87638286838275e-28,1,3.60306216717967e-29,2.23503117542031e-27
2.03564468666822e-27,1,1.78574653680704e-28,9.00562432524875e-27
4.66925004413269e-38,1,6.9233504687686e-40,2.33074308205181e-37
9.16496256192069e-24,1,1.0958752243416e-24,3.33339476371953e-23
3.71640586000793e-29,1,2.86263280488544e-30,1.83183756817735e-28
1.09492847375788e-30,1,4.33557589121016e-32,4.32711167598364e-30
3.68344307669334e-28,1,1.82836160617186e-29,1.26648968427484e-27
1.52016689069209e-27,1,1.43982233634924e-28,7.12618725543495e-27
1.59735311333839e-26,1,1.15239681024071e-27,5.74232313822638e-26
4.02986144694638e-28,1,1.04974280397875e-29,9.50569028293419e-28
1.3612508451408e-37,1,2.69331933164349e-39,7.61878903136512e-37
9.45102614930828e-28,1,5.91963015374403e-29,3.56080996663467e-27
6.7226510894194e-30,1,4.63986914633101e-31,3.3652222262633e-29
3.52503139184347e-30,1,2.50459783456838e-31,1.84888211004436e-29
6.40136821737392e-30,1,1.09927176149362e-31,1.44024130507234e-29
9.57126017899392e-30,1,5.40498701939916e-31,4.19728164840732e-29
1.49843396142806e-26,1,1.13952334210214e-28,1.47081801104624e-26
7.2299628129299e-32,1,4.02018530424081e-33,3.94384094876141e-31
1.36247743152897e-31,1,5.76297011331124e-33,6.16402716758589e-31
3.63463497350572e-29,1,2.21334084624661e-30,1.56526969731758e-28
2.26405525040094e-26,1,7.10969588699415e-28,4.94252480806075e-26
9.4178335823944e-27,1,8.48567318172255e-28,3.94699331791914e-26
1.6136122788307e-29,1,3.65321513274335e-32,1.08681404339621e-29
6.3898812421692e-35,1,1.82016702760519e-36,3.29921196155389e-34
4.96117589250801e-26,1,4.69908620301767e-27,1.98569428707995e-25
2.71488605376944e-28,1,1.74971429970432e-29,1.10125514210482e-27
1.02936727130629e-29,1,2.10366262538854e-31,2.50366968162559e-29
3.81398964591816e-28,1,3.37032283847082e-29,1.82925386562814e-27
2.03661744842642e-24,1,2.560610731354e-25,8.15171175608653e-24
1.45505383446149e-27,1,5.03419880489708e-29,3.81097455452643e-27
4.18075458415321e-28,1,2.68482354954503e-29,1.65909887016329e-27
8.73545226934245e-27,1,8.94411987619073e-28,3.95768194011183e-26
1.05243113246458e-40,1,2.17956791009691e-42,8.46383220683836e-40
1.23180795217654e-24,1,1.71181400214186e-26,1.39828302550626e-24
7.42247244412881e-27,1,6.99207408486749e-28,3.22711099538984e-26
4.430958338526e-28,1,3.8850478422648e-30,5.55779896972294e-28
7.85019021799513e-34,1,2.34591543483373e-37,2.64863517696717e-34
4.11626117046674e-30,1,2.08719436020942e-31,1.76398212727684e-29
2.7821694695336e-29,1,1.17111167016362e-30,9.79923862758582e-29
3.0980688158386e-30,1,1.01813891975043e-32,2.79162271045391e-30
1.48859215784782e-23,1,2.08208520804924e-24,5.8135913579555e-23
8.23655875067232e-25,1,1.07257390510202e-25,3.50303937199368e-24
2.80531899060669e-27,1,2.90053685267298e-28,1.34586396227627e-26
1.15632548764329e-25,1,1.25105927397446e-26,4.81549448719267e-25
3.64820458172502e-27,1,3.15605032343997e-28,1.55892408654195e-26
1.02583009393538e-27,1,3.65808757184152e-30,7.38210963308981e-28
2.99823373322778e-37,1,8.04902299065499e-39,1.92508052158509e-36
2.56977338511084e-28,1,2.4248318958641e-29,1.30375371651154e-27
5.8738364753038e-32,1,2.81723432682572e-33,2.9712486772562e-31
4.01160502833176e-29,1,3.02528470798715e-30,1.94637112916729e-28
2.21821121017566e-27,1,1.48126365757255e-28,8.34158061475771e-27
6.09003321013284e-25,1,5.63829605177765e-26,2.1492886460392e-24
1.21596822195238e-36,1,1.49296437761951e-39,1.25328351848076e-36
1.607272896167e-27,1,9.97788507804959e-29,5.87959598249988e-27
4.30508463239201e-25,1,3.40493979667715e-26,1.40732163281491e-24
4.47653642689452e-24,1,4.49206200983814e-25,1.51580657452544e-23
1.84376161067794e-22,1,2.86155699743922e-23,6.86799685609031e-22
3.96969996010268e-30,1,2.96051128714969e-32,5.65664315396671e-30
8.34688886365091e-25,1,2.0508095507718e-26,1.34116700761139e-24
1.21716182633233e-29,1,5.87094391672433e-31,4.81903039223419e-29
5.70770752394299e-29,1,2.29212386447632e-30,1.89236289953769e-28
5.92226596182284e-29,1,3.69826605989453e-30,2.53015671096178e-28
3.03783340026246e-33,1,1.20278684178297e-34,1.58070424506533e-32
1.24823822475411e-23,1,1.88060248974639e-24,5.1327424859286e-23
6.52582612065114e-27,1,2.45271304059018e-29,4.44126741915391e-27
9.2779312663047e-30,1,6.98929334690176e-32,1.2778048732837e-29
3.92367557993553e-34,1,1.29813126602395e-36,5.422487419035e-34
4.90849509535448e-28,1,2.90425994204447e-29,1.8439210452692e-27
3.56114343580155e-26,1,2.65052990878635e-27,1.25710638800923e-25
4.07907321508377e-29,1,3.66397714992042e-31,5.79882243180842e-29
7.46371885969977e-29,1,2.06124427940907e-31,5.24292574668284e-29
5.49567818672544e-23,1,6.72034096025521e-24,1.8731506230736e-22
1.2702938769089e-20,1,2.33345838404999e-21,4.37800515709291e-20
2.94967929493824e-27,1,5.38898570725459e-29,5.17107260777507e-27
4.60672952559818e-23,1,5.11958871535014e-24,1.49546879412041e-22
8.12718061831343e-26,1,1.92946211119057e-27,1.42328585110073e-25
1.88646022127043e-29,1,1.35664884071534e-30,9.21999894915883e-29
